1	гениальной	гениальный	ADJ	_	Case=Ins|Degree=Pos|Gender=Fem|Number=Sing	_	_	_	@szs1962f-words#@szs1962f#155.39#155.794
2	женщиной	женщина	NOUN	_	Animacy=Anim|Case=Ins|Gender=Fem|Number=Sing	_	_	_	@szs1962f-words#@szs1962f#155.794#156.198
3	конечно	конечно	ADV	_	_	_	_	_	@szs1962f-words#@szs1962f#156.198#156.602
4	была	быть	AUX	_	Aspect=Imp|Gender=Fem|Mood=Ind|Number=Sing|Tense=Past|VerbForm=Fin|Voice=Act	_	_	_	@szs1962f-words#@szs1962f#156.602#157.006
5	/	/	PUNCT	_	_	_	_	_	@szs1962f-words#@szs1962f#157.006#157.41
6	Ида	Ида	PROPN	_	Animacy=Anim|Case=Nom|Gender=Fem|Number=Sing	_	_	_	@szs1962f-words#@szs1962f#157.41#157.814
7	Рубинштейн	Рубинштейн	PROPN	_	Animacy=Anim|Case=Nom|Gender=Masc|Number=Sing	_	_	_	@szs1962f-words#@szs1962f#157.814#158.218
8	навелноЙ	наверно	ADV	_	_	_	_	_	@szs1962f-words#@szs1962f#158.218#158.622
9	наверно	наверно	ADV	_	_	_	_	_	@szs1962f-words#@szs1962f#158.622#159.026
10	плохой	плохой	ADJ	_	Case=Ins|Degree=Pos|Gender=Fem|Number=Sing	_	_	_	@szs1962f-words#@szs1962f#159.026#159.43
11	танцовщицей	танцовщица	NOUN	_	Animacy=Anim|Case=Ins|Gender=Fem|Number=Sing	_	_	_	@szs1962f-words#@szs1962f#159.43#159.834
12	и	и	CCONJ	_	_	_	_	_	@szs1962f-words#@szs1962f#159.834#160.238
13	не	не	PART	_	_	_	_	_	@szs1962f-words#@szs1962f#160.238#160.642
14	очень	очень	ADV	_	Degree=Pos	_	_	_	@szs1962f-words#@szs1962f#160.642#161.046
15	хорошей	хороший	ADJ	_	Case=Ins|Degree=Pos|Gender=Fem|Number=Sing	_	_	_	@szs1962f-words#@szs1962f#161.046#161.45
16	артисткой	артистка	NOUN	_	Animacy=Inan|Case=Ins|Gender=Fem|Number=Sing	_	_	_	@szs1962f-words#@szs1962f#161.45#161.854
17	/	/	PUNCT	_	_	_	_	_	@szs1962f-words#@szs1962f#161.854#162.258
18	но	но	CCONJ	_	_	_	_	_	@szs1962f-words#@szs1962f#162.258#162.662
19	женщиной	женщина	NOUN	_	Animacy=Anim|Case=Ins|Gender=Fem|Number=Sing	_	_	_	@szs1962f-words#@szs1962f#162.662#163.066
20	/	/	PUNCT	_	_	_	_	_	@szs1962f-words#@szs1962f#163.066#163.47
21	ээ	ээ	INTJ	_	_	_	_	_	@szs1962f-words#@szs1962f#163.47#163.874
22	/	/	PUNCT	_	_	_	_	_	@szs1962f-words#@szs1962f#163.874#164.278
23	в	в	ADP	_	_	_	_	_	@szs1962f-words#@szs1962f#164.278#164.682
24	плане	план	NOUN	_	Animacy=Inan|Case=Loc|Gender=Masc|Number=Sing	_	_	_	@szs1962f-words#@szs1962f#164.682#165.086
25	креатива	креатив	NOUN	_	Animacy=Inan|Case=Gen|Gender=Masc|Number=Sing	_	_	_	@szs1962f-words#@szs1962f#165.086#165.49
26	и	и	CCONJ	_	_	_	_	_	@szs1962f-words#@szs1962f#165.49#165.894
27	предвидения	предвидение	NOUN	_	Animacy=Inan|Case=Gen|Gender=Neut|Number=Sing	_	_	_	@szs1962f-words#@szs1962f#165.894#166.298
28	была	быть	AUX	_	Aspect=Imp|Gender=Fem|Mood=Ind|Number=Sing|Tense=Past|VerbForm=Fin|Voice=Act	_	_	_	@szs1962f-words#@szs1962f#166.298#166.702
29	гениальной	гениальный	ADJ	_	Case=Ins|Degree=Pos|Gender=Fem|Number=Sing	_	_	_	@szs1962f-words#@szs1962f#166.702#167.106
30	/	/	PUNCT	_	_	_	_	_	@szs1962f-words#@szs1962f#167.106#167.51
31	потому что	потому что	SCONJ	_	_	_	_	_	@szs1962f-words#@szs1962f#167.51#167.914
32	благодаря	благодаря	ADP	_	_	_	_	_	@szs1962f-words#@szs1962f#168.318#168.722
33	ей	она	PRON	_	Case=Dat|Gender=Fem|Number=Sing|Person=3	_	_	_	@szs1962f-words#@szs1962f#168.722#169.126
34	/	/	PUNCT	_	_	_	_	_	@szs1962f-words#@szs1962f#169.126#169.53
35	было	быть	AUX	_	Aspect=Imp|Gender=Neut|Mood=Ind|Number=Sing|Tense=Past|VerbForm=Fin|Voice=Act	_	_	_	@szs1962f-words#@szs1962f#169.53#169.934
36	создано	создать	VERB	_	Aspect=Perf|Gender=Neut|Number=Sing|Tense=Past|Variant=Short|VerbForm=Part|Voice=Pass	_	_	_	@szs1962f-words#@szs1962f#169.934#170.338
37	три	три	NUM	_	Case=Nom	_	_	_	@szs1962f-words#@szs1962f#170.338#170.742
38	/	/	PUNCT	_	_	_	_	_	@szs1962f-words#@szs1962f#170.742#171.146
39	спектакля	спектакль	NOUN	_	Animacy=Inan|Case=Gen|Gender=Masc|Number=Sing	_	_	_	@szs1962f-words#@szs1962f#171.146#171.55
40	/	/	PUNCT	_	_	_	_	_	@szs1962f-words#@szs1962f#171.55#171.954
41	три	три	NUM	_	Case=Nom	_	_	_	@szs1962f-words#@szs1962f#171.954#172.358
42	произведения	произведение	NOUN	_	Animacy=Inan|Case=Gen|Gender=Neut|Number=Sing	_	_	_	@szs1962f-words#@szs1962f#172.358#172.762
43	которые	который	PRON	_	Case=Nom|Number=Plur	_	_	_	@szs1962f-words#@szs1962f#172.762#173.166
44	существуют	существовать	VERB	_	Aspect=Imp|Mood=Ind|Number=Plur|Person=3|Tense=Pres|VerbForm=Fin|Voice=Act	_	_	_	@szs1962f-words#@szs1962f#173.166#173.57
45	пожалуйста	пожалуйста	PART	_	_	_	_	_	@szs1962f-words#@szs1962f#173.57#173.974
46	бери	брать	VERB	_	Aspect=Imp|Mood=Imp|Number=Sing|Person=2|VerbForm=Fin|Voice=Act	_	_	_	@szs1962f-words#@szs1962f#173.974#174.378
47	и	и	CCONJ	_	_	_	_	_	@szs1962f-words#@szs1962f#174.378#174.782
48	ставь	ставить	VERB	_	Aspect=Imp|Mood=Imp|Number=Sing|Person=2|VerbForm=Fin|Voice=Act	_	_	_	@szs1962f-words#@szs1962f#174.782#175.186
49	/	/	PUNCT	_	_	_	_	_	@szs1962f-words#@szs1962f#175.186#175.59
50	которые	который	PRON	_	Case=Acc	_	_	_	@szs1962f-words#@szs1962f#175.59#175.994
51	абсолютный	абсолютный	ADJ	_	Case=Nom|Degree=Pos|Gender=Masc|Number=Sing	_	_	_	@szs1962f-words#@szs1962f#175.994#176.398
52	прообраз	прообраз	NOUN	_	Animacy=Inan|Case=Nom|Gender=Masc|Number=Sing	_	_	_	@szs1962f-words#@szs1962f#176.398#176.802
53	того	то	PRON	_	Animacy=Inan|Case=Gen|Gender=Neut|Number=Sing	_	_	_	@szs1962f-words#@szs1962f#176.802#177.206
54	о	о	ADP	_	_	_	_	_	@szs1962f-words#@szs1962f#177.206#177.61
55	чём	что	PRON	_	Case=Loc	_	_	_	@szs1962f-words#@szs1962f#177.61#178.014
56	ты	ты	PRON	_	Case=Nom|Number=Sing|Person=2	_	_	_	@szs1962f-words#@szs1962f#178.014#178.418
57	говоришь	говорить	VERB	_	Aspect=Imp|Mood=Ind|Number=Sing|Person=2|Tense=Pres|VerbForm=Fin|Voice=Act	_	_	_	@szs1962f-words#@szs1962f#178.418#178.85
58	это	это	PRON	_	_	_	_	_	@szs1962f-words#@szs1962f#179.3#179.669
59	/	/	PUNCT	_	_	_	_	_	@szs1962f-words#@szs1962f#179.669#180.038
60	Мука	мука	NOUN	_	Animacy=Inan|Case=Acc|Gender=Masc|Number=Sing	_	_	_	@szs1962f-words#@szs1962f#180.776#181.145
61	святого	святой	ADJ	_	Case=Gen|Degree=Pos|Gender=Masc|Number=Sing	_	_	_	
62	Себастиана	Себастиан	PROPN	_	Animacy=Anim|Case=Nom|Gender=Masc|Number=Sing	_	_	_	
63	/	/	PUNCT	_	_	_	_	_	@szs1962f-words#@szs1962f#181.145#181.514
64	где	где	ADV	_	_	_	_	_	@szs1962f-words#@szs1962f#181.514#181.883
65	Сен-Санс	Сен-Санс	PROPN	_	Animacy=Anim|Case=Nom|Gender=Masc|Number=Sing	_	_	_	@szs1962f-words#@szs1962f#181.883#182.252
66	написал	написать	VERB	_	Aspect=Perf|Gender=Masc|Mood=Ind|Number=Sing|Tense=Past|VerbForm=Fin|Voice=Act	_	_	_	@szs1962f-words#@szs1962f#182.252#182.621
67	музыку	музыка	NOUN	_	Animacy=Inan|Case=Acc|Gender=Fem|Number=Sing	_	_	_	@szs1962f-words#@szs1962f#182.621#182.99
68	/	/	PUNCT	_	_	_	_	_	@szs1962f-words#@szs1962f#182.99#183.359
69	а	а	CCONJ	_	_	_	_	_	@szs1962f-words#@szs1962f#183.359#183.728
70	Габриэле	Габриэле	PROPN	_	Animacy=Anim|Case=Nom|Gender=Masc|Number=Sing	_	_	_	@szs1962f-words#@szs1962f#183.728#184.097
71	д'Аннунцио	д'Аннунцио	PROPN	_	Animacy=Anim|Case=Nom|Gender=Masc|Number=Sing	_	_	_	@szs1962f-words#@szs1962f#184.097#184.466
72	написал	писать	VERB	_	Aspect=Perf|Gender=Masc|Mood=Ind|Number=Sing|Tense=Past|VerbForm=Fin|Voice=Act	_	_	_	@szs1962f-words#@szs1962f#184.466#184.835
73	тексты	текст	NOUN	_	Animacy=Inan|Case=Acc|Gender=Masc|Number=Plur	_	_	_	@szs1962f-words#@szs1962f#184.835#185.204
74	/	/	PUNCT	_	_	_	_	_	@szs1962f-words#@szs1962f#185.204#185.573
75	и	и	CCONJ	_	_	_	_	_	@szs1962f-words#@szs1962f#185.573#185.942
76	где	где	ADV	_	_	_	_	_	@szs1962f-words#@szs1962f#185.942#186.311
77	она	она	PRON	_	Case=Nom|Gender=Fem|Number=Sing|Person=3	_	_	_	@szs1962f-words#@szs1962f#186.311#186.68
78	/	/	PUNCT	_	_	_	_	_	@szs1962f-words#@szs1962f#186.68#187.049
79	выступает	выступать	VERB	_	Aspect=Imp|Mood=Ind|Number=Sing|Person=3|Tense=Pres|VerbForm=Fin|Voice=Act	_	_	_	@szs1962f-words#@szs1962f#187.049#187.418
80	как	как	ADV	_	_	_	_	_	@szs1962f-words#@szs1962f#187.418#187.787
81	/	/	PUNCT	_	_	_	_	_	@szs1962f-words#@szs1962f#187.787#188.156
82	как	как	SCONJ	_	_	_	_	_	@szs1962f-words#@szs1962f#188.156#188.525
83	чтица	чтица	NOUN	_	Animacy=Anim|Case=Nom|Gender=Fem|Number=Sing	_	_	_	@szs1962f-words#@szs1962f#188.525#188.894
84	/	/	PUNCT	_	_	_	_	_	@szs1962f-words#@szs1962f#188.894#189.263
85	но	но	CCONJ	_	_	_	_	_	@szs1962f-words#@szs1962f#189.263#189.632
86	где	где	ADV	_	_	_	_	_	@szs1962f-words#@szs1962f#189.632#190.001
87	есть	быть	AUX	_	Aspect=Imp|Gender=Neut|Mood=Ind|Number=Sing|Tense=Pres|VerbForm=Fin|Voice=Act	_	_	_	@szs1962f-words#@szs1962f#190.001#190.37
88	хор	хор	NOUN	_	Animacy=Inan|Case=Nom|Gender=Masc|Number=Sing	_	_	_	@szs1962f-words#@szs1962f#190.37#190.739
89	/	/	PUNCT	_	_	_	_	_	@szs1962f-words#@szs1962f#190.739#191.108
90	где	где	ADV	_	_	_	_	_	@szs1962f-words#@szs1962f#191.108#191.477
91	есть	быть	AUX	_	Aspect=Imp|Gender=Neut|Mood=Ind|Number=Sing|Tense=Pres|VerbForm=Fin|Voice=Act	_	_	_	@szs1962f-words#@szs1962f#191.477#191.846
92	балет	балет	NOUN	_	Animacy=Inan|Case=Nom|Gender=Masc|Number=Sing	_	_	_	@szs1962f-words#@szs1962f#191.846#192.215
93	/	/	PUNCT	_	_	_	_	_	@szs1962f-words#@szs1962f#192.215#192.584
94	и	и	CCONJ	_	_	_	_	_	@szs1962f-words#@szs1962f#192.584#192.953
95	где	где	ADV	_	_	_	_	_	@szs1962f-words#@szs1962f#192.953#193.322
96	есть	быть	AUX	_	Aspect=Imp|Gender=Neut|Mood=Ind|Number=Sing|Tense=Pres|VerbForm=Fin|Voice=Act	_	_	_	@szs1962f-words#@szs1962f#193.322#193.691
97	симфонический	симфонический	ADJ	_	Case=Nom|Degree=Pos|Gender=Masc|Number=Sing	_	_	_	@szs1962f-words#@szs1962f#193.691#194.06
98	оркестр	оркестр	NOUN	_	Animacy=Inan|Case=Nom|Gender=Masc|Number=Sing	_	_	_	@szs1962f-words#@szs1962f#194.06#194.429
99	/	/	PUNCT	_	_	_	_	_	@szs1962f-words#@szs1962f#194.429#194.798
100	и	и	CCONJ	_	_	_	_	_	@szs1962f-words#@szs1962f#194.798#195.167
101	то	то	PRON	_	Case=Nom|Gender=Neut|Number=Sing	_	_	_	@szs1962f-words#@szs1962f#195.167#195.536
102	же	же	PART	_	_	_	_	_	@szs1962f-words#@szs1962f#195.536#195.905
103	самое	самый	ADJ	_	Case=Nom|Degree=Pos|Gender=Neut|Number=Sing	_	_	_	@szs1962f-words#@szs1962f#195.905#196.274
104	это	это	PRON	_	_	_	_	_	@szs1962f-words#@szs1962f#196.274#196.643
105	Жанна	Жанна	PROPN	_	Animacy=Anim|Case=Nom|Gender=Fem|Number=Sing	_	_	_	@szs1962f-words#@szs1962f#196.643#197.012
106	д'Арк	д'Арк	NOUN	_	Animacy=Anim|Case=Nom|Gender=Fem|Number=Sing	_	_	_	@szs1962f-words#@szs1962f#197.012#197.381
107	на	на	ADP	_	_	_	_	_	@szs1962f-words#@szs1962f#197.381#197.75
108	костре	костёр	NOUN	_	Animacy=Inan|Case=Loc|Gender=Masc|Number=Sing	_	_	_	@szs1962f-words#@szs1962f#197.75#198.119
109	/	/	PUNCT	_	_	_	_	_	@szs1962f-words#@szs1962f#198.119#198.488
110	который	который	PRON	_	Case=Nom|Gendet=Masc	_	_	_	@szs1962f-words#@szs1962f#198.488#198.857
111	для	для	ADP	_	_	_	_	_	@szs1962f-words#@szs1962f#198.857#199.226
112	неё	она	PRON	_	Case=Acc|Gender=Neut|Number=Sing	_	_	_	@szs1962f-words#@szs1962f#199.226#199.595
113	написали	написать	VERB	_	Aspect=Perf|Mood=Ind|Number=Plur|Tense=Past|VerbForm=Fin|Voice=Act	_	_	_	@szs1962f-words#@szs1962f#199.595#199.964
114	/	/	PUNCT	_	_	_	_	_	@szs1962f-words#@szs1962f#199.964#200.333
115	Онеггер	Онеггер	PROPN	_	Animacy=Anim|Case=Nom|Gender=Masc|Number=Sing	_	_	_	@szs1962f-words#@szs1962f#200.333#200.702
116	и	и	CCONJ	_	_	_	_	_	@szs1962f-words#@szs1962f#200.702#201.071
117	/	/	PUNCT	_	_	_	_	_	@szs1962f-words#@szs1962f#201.071#201.44
118	Поль	Поль	PROPN	_	Animacy=Anim|Case=Nom|Gender=Masc|Number=Sing	_	_	_	@szs1962f-words#@szs1962f#201.44#201.809
119	Коло...	Коло...	PROPN	_	Animacy=Anim|Case=Nom|Gender=Masc|Number=Sing	_	_	_	@szs1962f-words#@szs1962f#201.809#202.23
120	ну	ну	PART	_	_	_	_	_	@szs1962f-words#@szs1962f#204.57#204.836
121	в	в	ADP	_	_	_	_	_	@szs1962f-words#@szs1962f#204.836#205.102
122	опере	опера	NOUN	_	Animacy=Inan|Case=Loc|Gender=Fem|Number=Sing	_	_	_	@szs1962f-words#@szs1962f#205.102#205.368
123	нету	нет	VERB	_	Aspect=Imp|Mood=Ind|Number=Sing|Person=3|Tense=Pres|VerbForm=Fin|Voice=Act	_	_	_	@szs1962f-words#@szs1962f#205.368#205.634
124	/	/	PUNCT	_	_	_	_	_	@szs1962f-words#@szs1962f#205.634#205.9
125	да	да	INTG	_	_	_	_	_	@szs1962f-words#@szs1962f#205.9#206.17
126	почему	почему	SCONJ	_	_	_	_	_	@szs1962f-words#@szs1962f#219.0#219.394
127	вы	вы	PRON	_	Case=Nom|Number=Plur|Person=2	_	_	_	@szs1962f-words#@szs1962f#219.394#219.788
128	здесь	здесь	ADV	_	_	_	_	_	@szs1962f-words#@szs1962f#219.788#220.182
129	/	/	PUNCT	_	_	_	_	_	@szs1962f-words#@szs1962f#220.182#220.576
130	сь...	сидеть	VERB	_	Aspect=Perf|Mood=Ind|Number=Plur|Person=2|Tense=Fut|VerbForm=Fin|Voice=Act	_	_	_	@szs1962f-words#@szs1962f#220.576#220.97
131	сидите	сидеть	VERB	_	Aspect=Perf|Mood=Ind|Number=Plur|Person=2|Tense=Fut|VerbForm=Fin|Voice=Act	_	_	_	@szs1962f-words#@szs1962f#220.97#221.364
132	неслучайно	неслучайно	ADV	_	_	_	_	_	@szs1962f-words#@szs1962f#221.364#221.758
133	потому что	потому что	CCONJ	_	_	_	_	_	@szs1962f-words#@szs1962f#221.758#222.152
134	уу	у	INTJ	_	_	_	_	_	@szs1962f-words#@szs1962f#222.546#222.94
135	/	/	PUNCT	_	_	_	_	_	@szs1962f-words#@szs1962f#222.94#223.334
136	ты	ты	PRON	_	Case=Nom|Number=Sing|Person=2	_	_	_	@szs1962f-words#@szs1962f#223.334#223.728
137	/	/	PUNCT	_	_	_	_	_	@szs1962f-words#@szs1962f#223.728#224.122
138	последнее	последний	ADJ	_	Case=Acc|Degree=Pos|Gender=Neut|Number=Sing	_	_	_	@szs1962f-words#@szs1962f#223.728#224.122
139	время	время	NOUN	_	Animacy=Inan|Case=Nom|Gender=Neut|Number=Sing	_	_	_	@szs1962f-words#@szs1962f#224.122#224.516
140	как	как	SCONJ	_	_	_	_	_	@szs1962f-words#@szs1962f#224.91#225.304
141	генератор	генератор	NOUN	_	Animacy=Anim|Case=Nom|Gender=Masc|Number=Sing	_	_	_	@szs1962f-words#@szs1962f#225.304#225.698
142	и	и	CCONJ	_	_	_	_	_	@szs1962f-words#@szs1962f#225.698#226.092
143	как	как	SCONJ	_	_	_	_	_	@szs1962f-words#@szs1962f#226.092#226.486
144	продюсер	продюсер	NOUN	_	Animacy=Anim|Case=Nom|Gender=Masc|Number=Sing	_	_	_	@szs1962f-words#@szs1962f#226.486#226.88
145	/	/	PUNCT	_	_	_	_	_	@szs1962f-words#@szs1962f#226.88#227.274
146	выступаешь	выступать	VERB	_	Aspect=Imp|Mood=Ind|Number=Sing|Person=2|Tense=Pres|VerbForm=Fin|Voice=Act	_	_	_	@szs1962f-words#@szs1962f#227.274#227.668
147	вот	вот	PART	_	_	_	_	_	@szs1962f-words#@szs1962f#227.668#228.062
148	в	в	ADP	_	_	_	_	_	@szs1962f-words#@szs1962f#228.062#228.456
149	жанре	жанр	NOUN	_	Animacy=Inan|Case=Loc|Gender=Masc|Number=Sing	_	_	_	@szs1962f-words#@szs1962f#228.456#228.85
150	человека	человек	NOUN	_	Animacy=Anim|Case=Gen|Gender=Masc|Number=Sing	_	_	_	@szs1962f-words#@szs1962f#228.85#229.244
151	который	который	PRON	_	Case=Nom	_	_	_	@szs1962f-words#@szs1962f#229.244#229.638
152	/	/	PUNCT	_	_	_	_	_	@szs1962f-words#@szs1962f#229.638#230.032
153	м	м	INTJ	_	_	_	_	_	@szs1962f-words#@szs1962f#230.032#230.426
154	рождает	рождать	VERB	_	Aspect=Imp|Mood=Ind|Number=Sing|Person=3|Tense=Pres|VerbForm=Fin|Voice=Act	_	_	_	@szs1962f-words#@szs1962f#230.426#230.82
155	эти	этот	DET	_	Case=Acc|Number=Plur	_	_	_	@szs1962f-words#@szs1962f#230.82#231.214
156	спектакли	спектакль	NOUN	_	Animacy=Inan|Case=Acc|Gender=Masc|Number=Plur	_	_	_	@szs1962f-words#@szs1962f#231.214#231.608
157	/	/	PUNCT	_	_	_	_	_	@szs1962f-words#@szs1962f#231.608#232.002
158	а	а	CCONJ	_	_	_	_	_	@szs1962f-words#@szs1962f#232.002#232.396
159	Илья	Илья	PROPN	_	Animacy=Anim|Case=Nom|Gender=Masc|Number=Sing	_	_	_	@szs1962f-words#@szs1962f#232.396#232.79
160	/	/	PUNCT	_	_	_	_	_	@szs1962f-words#@szs1962f#232.79#233.184
161	э	э	INTJ	_	_	_	_	_	@szs1962f-words#@szs1962f#233.184#233.578
162	/	/	PUNCT	_	_	_	_	_	@szs1962f-words#@szs1962f#233.578#233.972
163	тот	тот	DET	_	Case=Nom|Gender=Masc|Number=Sing	_	_	_	@szs1962f-words#@szs1962f#233.972#234.366
164	композитор	композитор	NOUN	_	Animacy=Anim|Case=Nom|Gender=Masc|Number=Sing	_	_	_	@szs1962f-words#@szs1962f#234.366#234.76
165	который	который	PRON	_	Case=Nom	_	_	_	@szs1962f-words#@szs1962f#234.76#235.154
166	как	как	ADV	_	_	_	_	_	@szs1962f-words#@szs1962f#235.154#235.548
167	бы	бы	PART	_	_	_	_	_	@szs1962f-words#@szs1962f#235.548#235.942
168	за	за	ADP	_	_	_	_	_	@szs1962f-words#@szs1962f#235.942#236.336
169	последние	последний	ADJ	_	Animacy=Inan|Case=Acc|Degree=Pos|Number=Plur	_	_	_	@szs1962f-words#@szs1962f#236.336#236.73
170	годы	год	NOUN	_	Animacy=Inan|Case=Acc|Gender=Masc|Number=Plur	_	_	_	@szs1962f-words#@szs1962f#236.73#237.124
171	очень	очень	ADV	_	_	_	_	_	@szs1962f-words#@szs1962f#237.124#237.518
172	/	/	PUNCT	_	_	_	_	_	@szs1962f-words#@szs1962f#237.518#237.912
173	м	м	INTJ	_	_	_	_	_	@szs1962f-words#@szs1962f#237.912#238.306
174	э	э	INTJ	_	_	_	_	_	@szs1962f-words#@szs1962f#238.306#238.7
175	/	/	PUNCT	_	_	_	_	_	@szs1962f-words#@szs1962f#238.7#239.094
176	плодотворно	плодотворно	ADV	_	Degree=Pos	_	_	_	@szs1962f-words#@szs1962f#239.094#239.488
177	и	и	CCONJ	_	_	_	_	_	@szs1962f-words#@szs1962f#239.488#239.882
178	/	/	PUNCT	_	_	_	_	_	@szs1962f-words#@szs1962f#239.882#240.276
179	и	и	CCONJ	_	_	_	_	_	@szs1962f-words#@szs1962f#240.276#240.67
180	/	/	PUNCT	_	_	_	_	_	@szs1962f-words#@szs1962f#240.67#241.064
181	заметно	заметно	ADV	_	Degree=Pos	_	_	_	@szs1962f-words#@szs1962f#241.064#241.458
182	творит	творить	VERB	_	Aspect=Imp|Mood=Ind|Number=Sing|Person=3|Tense=Pres|VerbForm=Fin|Voice=Act	_	_	_	@szs1962f-words#@szs1962f#241.458#241.852
183	именно	именно	PART	_	_	_	_	_	@szs1962f-words#@szs1962f#241.852#242.246
184	в	в	ADP	_	_	_	_	_	@szs1962f-words#@szs1962f#242.246#242.64
185	жанре	жанр	NOUN	_	Animacy=Inan|Case=Loc|Gender=Masc|Number=Sing	_	_	_	@szs1962f-words#@szs1962f#242.64#243.034
186	синтеза	синтез	NOUN	_	Animacy=Inan|Case=Gen|Gender=Masc|Number=Sing	_	_	_	@szs1962f-words#@szs1962f#243.034#243.428
187	искусств	искусство	NOUN	_	Animacy=Inan|Case=Gen|Gender=Neut|Number=Plur	_	_	_	@szs1962f-words#@szs1962f#243.428#243.83
188	мм	мм	INTJ	_	_	_	_	_	@szs1962f-words#@szs1962f#252.0#252.3
189	угу	угу	INTJ	_	_	_	_	_	@szs1962f-words#@szs1962f#264.34#264.76
190	угу	угу	INTJ	_	_	_	_	_	@szs1962f-words#@szs1962f#272.89#273.2
191	угу	угу	INTJ	_	_	_	_	_	@szs1962f-words#@szs1962f#280.4#280.79
192	потом	потом	ADV	_	_	_	_	_	@szs1962f-words#@szs1962f#305.07#305.463
193	там	там	ADV	_	_	_	_	_	@szs1962f-words#@szs1962f#305.463#305.856
194	же	же	PART	_	_	_	_	_	@szs1962f-words#@szs1962f#305.856#306.249
195	ещё	ещё	ADV	_	_	_	_	_	@szs1962f-words#@szs1962f#306.249#306.642
196	есть	быть	AUX	_	Aspect=Imp|Gender=Neut|Mood=Ind|Number=Sing|Tense=Pres|VerbForm=Fin|Voice=Act	_	_	_	@szs1962f-words#@szs1962f#306.642#307.035
197	всё-таки	всё-таки	PART	_	_	_	_	_	@szs1962f-words#@szs1962f#307.035#307.428
198	/	/	PUNCT	_	_	_	_	_	@szs1962f-words#@szs1962f#307.428#307.821
199	также	также	CCONJ	_	_	_	_	_	@szs1962f-words#@szs1962f#307.821#308.214
200	художественное	художественный	ADJ	_	Case=Nom|Degree=Pos|Gender=Neut|Number=Sing	_	_	_	@szs1962f-words#@szs1962f#308.214#308.607
201	слово	слово	NOUN	_	Animacy=Inan|Case=Nom|Gender=Neut|Number=Sing	_	_	_	@szs1962f-words#@szs1962f#308.607#309.0
202	/	/	PUNCT	_	_	_	_	_	@szs1962f-words#@szs1962f#309.0#309.393
203	м	м	INTJ	_	_	_	_	_	@szs1962f-words#@szs1962f#309.393#309.786
204	/	/	PUNCT	_	_	_	_	_	@szs1962f-words#@szs1962f#309.786#310.179
205	которое	который	PRON	_	Case=Acc	_	_	_	@szs1962f-words#@szs1962f#310.179#310.572
206	тоже	тоже	CCONJ	_	_	_	_	_	@szs1962f-words#@szs1962f#310.572#310.965
207	надо	надо	ADV	_	_	_	_	_	@szs1962f-words#@szs1962f#310.965#311.358
208	учитывать	учитывать	VERB	_	Aspect=Imp|VerbForm=Inf|Voice=Act	_	_	_	@szs1962f-words#@szs1962f#311.358#311.751
209	/	/	PUNCT	_	_	_	_	_	@szs1962f-words#@szs1962f#311.751#312.144
210	которое	который	PRON	_	Case=Acc	_	_	_	@szs1962f-words#@szs1962f#312.144#312.537
211	звучит	звучать	VERB	_	Aspect=Imp|Mood=Ind|Number=Sing|Person=3|Tense=Pres|VerbForm=Fin|Voice=Act	_	_	_	@szs1962f-words#@szs1962f#312.537#312.93
212	тоже	тоже	CONJ	_	_	_	_	_	@szs1962f-words#@szs1962f#312.93#313.34
213	как	как	ADV	_	Degree=Pos	_	_	_	@szs1962f-words#@szs1962f#316.97#317.369
214	/	/	PUNCT	_	_	_	_	_	@szs1962f-words#@szs1962f#317.369#317.768
215	родился	рождаться	VERB	_	Aspect=Perf|Gender=Masc|Mood=Ind|Number=Sing|Tense=Past|VerbForm=Fin|Voice=Act	_	_	_	@szs1962f-words#@szs1962f#317.768#318.167
216	/	/	PUNCT	_	_	_	_	_	@szs1962f-words#@szs1962f#318.167#318.566
217	спектакль	спектакль	NOUN	_	Animacy=Inan|Case=Nom|Gender=Masc|Number=Sing	_	_	_	@szs1962f-words#@szs1962f#318.566#318.965
218	Кармен	Кармен	PROPN	_	Animacy=Anim|Case=Nom|Gender=Fem|Number=Sing	_	_	_	@szs1962f-words#@szs1962f#318.965#319.364
219	/	/	PUNCT	_	_	_	_	_	@szs1962f-words#@szs1962f#319.364#319.763
220	идея	идея	NOUN	_	Animacy=Inan|Case=Nom|Gender=Fem|Number=Sing	_	_	_	@szs1962f-words#@szs1962f#319.763#320.162
221	/	/	PUNCT	_	_	_	_	_	@szs1962f-words#@szs1962f#320.162#320.561
222	как	как	SCONJ	_	_	_	_	_	@szs1962f-words#@szs1962f#320.561#320.96
223	этот	этот	DET	_	Case=Nom|Gender=Masc|Number=Sing	_	_	_	@szs1962f-words#@szs1962f#320.96#321.359
224	скелет	скелет	NOUN	_	Animacy=Inan|Case=Nom|Gender=Masc|Number=Sing	_	_	_	@szs1962f-words#@szs1962f#321.359#321.758
225	/	/	PUNCT	_	_	_	_	_	@szs1962f-words#@szs1962f#321.758#322.157
226	идеи	идеЯ	NOUN	_	Animacy=Inan|Case=Nom|Gender=Fem|Number=Plur	_	_	_	@szs1962f-words#@szs1962f#322.157#322.556
227	обрастал	обрастать	VERB	_	Aspect=Perf|Gender=Masc|Mood=Ind|Number=Sing|Tense=Past|VerbForm=Fin|Voice=Act	_	_	_	@szs1962f-words#@szs1962f#322.556#322.955
228	мясом	мясом	NOUN	_	Animacy=Inan|Case=Nom|Gender=Neut|Number=Plur	_	_	_	@szs1962f-words#@szs1962f#322.955#323.354
229	/	/	PUNCT	_	_	_	_	_	@szs1962f-words#@szs1962f#323.354#323.753
230	рассказывайте	рассказывать	VERB	_	Aspect=Imp|Mood=Imp|Number=Plur|Person=2|VerbForm=Fin|Voice=Act	_	_	_	@szs1962f-words#@szs1962f#323.753#324.152
231	/	/	PUNCT	_	_	_	_	_	@szs1962f-words#@szs1962f#324.152#324.551
232	я	я	PRON	_	Case=Nom|Number=Sing|Person=1	_	_	_	@szs1962f-words#@szs1962f#324.551#324.95
233	не	не	PART	_	_	_	_	_	@szs1962f-words#@szs1962f#324.95#325.349
234	знаю	знать	VERB	_	Aspect=Imp|Mood=Ind|Number=Sing|Person=1|Tense=Pres|VerbForm=Fin|Voice=Act	_	_	_	@szs1962f-words#@szs1962f#325.349#325.748
235	ничего	ничто	PRON	_	Case=Gen	_	_	_	@szs1962f-words#@szs1962f#325.748#326.16
236	мм	мм	INTJ	_	_	_	_	_	@szs1962f-words#@szs1962f#339.3#339.55
237	послушай	послушать	VERB	_	Aspect=Perf|Mood=Imp|Number=Sing|Person=2|VerbForm=Fin|Voice=Act	_	_	_	@szs1962f-words#@szs1962f#364.8#365.2
238	/	/	PUNCT	_	_	_	_	_	@szs1962f-words#@szs1962f#365.2#365.6
239	а	а	CCONJ	_	_	_	_	_	@szs1962f-words#@szs1962f#365.6#366.0
240	тебе	ты	PRON	_	Case=Dat|Number=Sing|Person=2	_	_	_	@szs1962f-words#@szs1962f#366.0#366.4
241	что	что	PRON	_	Case=Nom	_	_	_	@szs1962f-words#@szs1962f#366.4#366.8
242	заинтересовало	заинтересовать	VERB	_	Aspect=Perf|Gender=Neut|Mood=Ind|Number=Sing|Tense=Past|VerbForm=Fin|Voice=Act	_	_	_	@szs1962f-words#@szs1962f#366.8#367.2
243	больше	больше	PUNCT	_	_	_	_	_	@szs1962f-words#@szs1962f#367.2#367.6
244	/	/	PUNCT	_	_	_	_	_	@szs1962f-words#@szs1962f#367.6#368.0
245	Мериме	Мериме	PROPN	_	Animacy=Anim|Case=Nom|Gender=Masc|Number=Sing	_	_	_	@szs1962f-words#@szs1962f#368.0#368.4
246	/	/	PUNCT	_	_	_	_	_	@szs1962f-words#@szs1962f#368.4#368.8
247	Бизе	Бизе	PROPN	_	Animacy=Anim|Case=Nom|Gender=Masc|Number=Sing	_	_	_	@szs1962f-words#@szs1962f#368.8#369.2
248	в	в	ADP	_	_	_	_	_	@szs1962f-words#@szs1962f#389.3#389.728
249	этом	этот	DET	_	Case=Loc|Gender=Masc|Number=Sing	_	_	_	@szs1962f-words#@szs1962f#389.728#390.156
250	спектакле	спектакль	NOUN	_	Animacy=Inan|Case=Loc|Gender=Masc|Number=Sing	_	_	_	@szs1962f-words#@szs1962f#390.156#390.584
251	всё-таки	всё-таки	PART	_	_	_	_	_	@szs1962f-words#@szs1962f#390.584#391.012
252	помимо	помимо	ADP	_	_	_	_	_	@szs1962f-words#@szs1962f#391.012#391.44
253	Бизе	Бизе	PROPN	_	Animacy=Anim|Case=Loc|Gender=Masc|Number=Sing	_	_	_	@szs1962f-words#@szs1962f#391.44#391.868
254	/	/	PUNCT	_	_	_	_	_	@szs1962f-words#@szs1962f#391.868#392.296
255	без	без	ADP	_	_	_	_	_	@szs1962f-words#@szs1962f#392.296#392.724
256	которого	который	PRON	_	Case=Gen	_	_	_	@szs1962f-words#@szs1962f#392.724#393.152
257	никуда	никуда	ADV	_	Degree=Pos	_	_	_	@szs1962f-words#@szs1962f#393.152#393.58
258	не	не	PART	_	_	_	_	_	@szs1962f-words#@szs1962f#393.58#394.008
259	обойтись	обойтись	VERB	_	Aspect=Perf|VerbForm=Inf|Voice=Act	_	_	_	@szs1962f-words#@szs1962f#394.008#394.436
260	когда	когда	SCONJ	_	_	_	_	_	@szs1962f-words#@szs1962f#394.436#394.864
261	мы	мы	PRON	_	Case=Nom|Number=Plur|Person=1	_	_	_	@szs1962f-words#@szs1962f#394.864#395.292
262	говорим	говорить	VERB	_	Aspect=Imp|Mood=Ind|Number=Plur|Person=1|Tense=Pres|VerbForm=Fin|Voice=Act	_	_	_	@szs1962f-words#@szs1962f#395.292#395.72
263	о	о	ADP	_	_	_	_	_	@szs1962f-words#@szs1962f#395.72#396.148
264	музыкальном	музыкальный	ADJ	_	Case=Loc|Degree=Pos|Gender=Neut|Number=Sing	_	_	_	@szs1962f-words#@szs1962f#396.148#396.576
265	воплощении	воплощение	NOUN	_	Animacy=Inan|Case=Loc|Gender=Neut|Number=Sing	_	_	_	@szs1962f-words#@szs1962f#396.576#397.004
266	Кармен	Кармен	PROPN	_	Animacy=Anim|Case=Nom|Gender=Fem|Number=Sing	_	_	_	@szs1962f-words#@szs1962f#397.004#397.432
267	/	/	PUNCT	_	_	_	_	_	@szs1962f-words#@szs1962f#397.432#397.86
268	есть	быть	AUX	_	Aspect=Imp|Gender=Neut|Mood=Ind|Number=Sing|Tense=Past|VerbForm=Fin|Voice=Act	_	_	_	@szs1962f-words#@szs1962f#397.86#398.288
269	ещё	ещё	ADV	_	Degree=Pos	_	_	_	@szs1962f-words#@szs1962f#398.288#398.716
270	что	что	PRON	_	Case=Nom	_	_	_	@szs1962f-words#@szs1962f#398.716#399.144
271	мне	Я	PRON	_	Case=Dat|Number=Sing|Person=1	_	_	_	@szs1962f-words#@szs1962f#399.144#399.572
272	показалось	показатьсЯ	VERB	_	Aspect=Perf|Gender=Neut|Mood=Ind|Number=Sing|Tense=Past|VerbForm=Fin|Voice=Mid	_	_	_	@szs1962f-words#@szs1962f#399.572#400.0
273	очень	очень	ADV	_	_	_	_	_	@szs1962f-words#@szs1962f#400.0#400.428
274	интересным	интересный	ADJ	_	Case=Ins|Degree=Pos|Gender=Neut|Number=Sing	_	_	_	@szs1962f-words#@szs1962f#400.428#400.856
275	/	/	PUNCT	_	_	_	_	_	@szs1962f-words#@szs1962f#400.856#401.284
276	хотя	хотя	SCONJ	_	_	_	_	_	@szs1962f-words#@szs1962f#401.284#401.712
277	пародоксальным	пародоксальный	ADJ	_	Case=Ins|Degree=Pos|Gender=Masc|Number=Sing	_	_	_	@szs1962f-words#@szs1962f#401.712#402.14
278	/	/	PUNCT	_	_	_	_	_	@szs1962f-words#@szs1962f#402.14#402.568
279	арабские	арабский	ADJ	_	Case=Nom|Degree=Pos|Number=Plur	_	_	_	@szs1962f-words#@szs1962f#402.568#402.996
280	народные	народный	ADJ	_	Case=Nom|Degree=Pos|Number=Plur	_	_	_	@szs1962f-words#@szs1962f#402.996#403.424
281	мотивы	мотив	NOUN	_	Animacy=Inan|Case=Nom|Gender=Masc|Number=Plur	_	_	_	@szs1962f-words#@szs1962f#403.424#403.852
282	на	на	ADP	_	_	_	_	_	@szs1962f-words#@szs1962f#403.852#404.28
283	национальных	национальный	ADJ	_	Case=Loc|Degree=Pos|Number=Plur	_	_	_	@szs1962f-words#@szs1962f#404.28#404.708
284	инструментах	инструмент	NOUN	_	Animacy=Inan|Case=Loc|Gender=Masc|Number=Plur	_	_	_	@szs1962f-words#@szs1962f#404.708#405.136
285	/	/	PUNCT	_	_	_	_	_	@szs1962f-words#@szs1962f#405.136#405.564
286	и	и	CCONJ	_	_	_	_	_	@szs1962f-words#@szs1962f#405.564#405.992
287	наверно	наверно	ADV	_	_	_	_	_	@szs1962f-words#@szs1962f#405.992#406.42
288	уже	уже	ADV	_	_	_	_	_	@szs1962f-words#@szs1962f#406.42#406.848
289	это	это	PRON	_	Animacy=Inan|Case=Nom|Gender=Neut|Number=Sing	_	_	_	@szs1962f-words#@szs1962f#406.848#407.276
290	такая	такой	DET	_	Case=Nom|Gender=Fem|Number=Sing	_	_	_	@szs1962f-words#@szs1962f#407.276#407.704
291	отсылка	отсылка	NOUN	_	Animacy=Inan|Case=Nom|Gender=Fem|Number=Sing	_	_	_	@szs1962f-words#@szs1962f#407.704#408.132
292	вот	вот	PART	_	_	_	_	_	@szs1962f-words#@szs1962f#408.132#408.56
293	к	к	ADP	_	_	_	_	_	@szs1962f-words#@szs1962f#408.56#408.988
294	Севилье	Севилья	PROPN	_	Animacy=Inan|Case=Loc|Gender=Fem|Number=Sing	_	_	_	@szs1962f-words#@szs1962f#408.988#409.416
295	/	/	PUNCT	_	_	_	_	_	@szs1962f-words#@szs1962f#409.416#409.844
296	и	и	CCONJ	_	_	_	_	_	@szs1962f-words#@szs1962f#409.844#410.272
297	к	к	ADP	_	_	_	_	_	@szs1962f-words#@szs1962f#410.272#410.7
298	Мавритании	Мавритания	PROPN	_	Animacy=Inan|Case=Dat|Gender=Fem|Number=Sing	_	_	_	@szs1962f-words#@szs1962f#410.7#411.128
299	/	/	PUNCT	_	_	_	_	_	@szs1962f-words#@szs1962f#411.128#411.556
300	куда-то	куда-то	ADV	_	_	_	_	_	@szs1962f-words#@szs1962f#411.556#411.984
301	вот	вот	PART	_	_	_	_	_	@szs1962f-words#@szs1962f#411.984#412.412
302	туда	туда	ADV	_	_	_	_	_	@szs1962f-words#@szs1962f#412.412#412.84
303	да	да	INTJ	_	_	_	_	_	@szs1962f-words#@szs1962f#412.84#413.29
304	мм	мм	INTJ	_	_	_	_	_	@szs1962f-words#@szs1962f#416.99#417.245
305	да	да	INTJ	_	_	_	_	_	@szs1962f-words#@szs1962f#417.245#417.5
306	такого	такой	DET	_	Case=Gen|Gender=Masc|Number=Sing	_	_	_	@szs1962f-words#@szs1962f#420.59#420.895
307	востока	восток	NOUN	_	Animacy=Inan|Case=Gen|Gender=Masc|Number=Sing	_	_	_	@szs1962f-words#@szs1962f#420.895#421.2
308	мм	мм	INTJ	_	_	_	_	_	@szs1962f-words#@szs1962f#433.2#433.48
309	и	и	CCONJ	_	_	_	_	_	@szs1962f-words#@szs1962f#439.5#439.862
310	ещё	еще	ADV	_	_	_	_	_	@szs1962f-words#@szs1962f#439.862#440.224
311	возникла	возникнуть	VERB	_	Aspect=Perf|Gender=Fem|Mood=Ind|Number=Sing|Tense=Past|VerbForm=Fin|Voice=Act	_	_	_	@szs1962f-words#@szs1962f#440.224#440.586
312	идея	идея	NOUN	_	Animacy=Inan|Case=Nom|Gender=Fem|Number=Sing	_	_	_	@szs1962f-words#@szs1962f#440.586#440.948
313	что	что	SCONJ	_	_	_	_	_	@szs1962f-words#@szs1962f#440.948#441.31
314	каждый	каждый	DET	_	Case=Nom|Gender=Masc|Number=Sing	_	_	_	@szs1962f-words#@szs1962f#441.31#441.672
315	персонаж	персонаж	NOUN	_	Animacy=Anim|Case=Nom|Gender=Masc|Number=Sing	_	_	_	@szs1962f-words#@szs1962f#441.672#442.034
316	он	он	PRON	_	Case=Nom|Gender=Masc|Number=Sing|Person=3	_	_	_	@szs1962f-words#@szs1962f#442.034#442.396
317	/	/	PUNCT	_	_	_	_	_	@szs1962f-words#@szs1962f#442.396#442.758
318	э	э	INTJ	_	_	_	_	_	@szs1962f-words#@szs1962f#442.758#443.12
319	в	в	ADP	_	_	_	_	_	@szs1962f-words#@szs1962f#443.12#443.482
320	трёх	три	NUM	_	Case=Loc	_	_	_	@szs1962f-words#@szs1962f#443.482#443.844
321	лицах	лицо	NOUN	_	Animacy=Inan|Case=Loc|Gender=Neut|Number=Plur	_	_	_	@szs1962f-words#@szs1962f#443.844#444.206
322	/	/	PUNCT	_	_	_	_	_	@szs1962f-words#@szs1962f#444.206#444.568
323	это	это	PRON	_	Animacy=Inan|Case=Nom|Gender=Neut|Number=Sing	_	_	_	@szs1962f-words#@szs1962f#444.568#444.93
324	э	э	INTJ	_	_	_	_	_	@szs1962f-words#@szs1962f#444.93#445.292
325	м	м	INTJ	_	_	_	_	_	@szs1962f-words#@szs1962f#445.292#445.654
326	/	/	PUNCT	_	_	_	_	_	@szs1962f-words#@szs1962f#445.654#446.016
327	Хо...	Хосе	PROPN	_	Animacy=Anim|Case=Nom|Gender=Masc|Number=Sing	_	_	_	@szs1962f-words#@szs1962f#446.016#446.378
328	в	в	ADP	_	_	_	_	_	@szs1962f-words#@szs1962f#446.378#446.74
329	случае	случай	NOUN	_	Animacy=Inan|Case=Loc|Gender=Masc|Number=Sing	_	_	_	@szs1962f-words#@szs1962f#446.74#447.102
330	дона	дон	NOUN	_	Animacy=Inan|Case=Gen|Gender=Masc|Number=Sing	_	_	_	@szs1962f-words#@szs1962f#447.102#447.464
331	Хосе	Хосе	PROPN	_	Animacy=Anim|Case=Gen|Gender=Masc|Number=Sing	_	_	_	@szs1962f-words#@szs1962f#447.464#447.826
332	это	это	PRON	_	Animacy=Inan|Case=Nom|Gender=Neut|Number=Sing	_	_	_	@szs1962f-words#@szs1962f#447.826#448.188
333	/	/	PUNCT	_	_	_	_	_	@szs1962f-words#@szs1962f#448.188#448.55
334	Балуев	Балуев	PROPN	_	Animacy=Anim|Case=Nom|Gender=Masc|Number=Sing	_	_	_	@szs1962f-words#@szs1962f#448.55#448.912
335	как	как	SCONJ	_	_	_	_	_	@szs1962f-words#@szs1962f#448.912#449.274
336	драматический	драматический	ADJ	_	Case=Nom|Degree=Pos|Gender=Masc|Number=Sing	_	_	_	@szs1962f-words#@szs1962f#449.274#449.636
337	артист	артист	NOUN	_	Animacy=Anim|Case=Nom|Gender=Masc|Number=Sing	_	_	_	@szs1962f-words#@szs1962f#449.636#450.01
338	Хачатур	Хачатур	PROPN	_	Animacy=Anim|Case=Nom|Gender=Masc|Number=Sing	_	_	_	@szs1962f-words#@szs1962f#451.16#451.586
339	Бадалян	Бадалян	PROPN	_	Animacy=Anim|Case=Nom|Gender=Masc|Number=Sing	_	_	_	@szs1962f-words#@szs1962f#451.586#452.012
340	как	как	SCONJ	_	_	_	_	_	@szs1962f-words#@szs1962f#452.012#452.438
341	тенор	тенор	NOUN	_	Animacy=Inan|Case=Acc|Gender=Masc|Number=Sing	_	_	_	@szs1962f-words#@szs1962f#452.438#452.864
342	и	и	CCONJ	_	_	_	_	_	@szs1962f-words#@szs1962f#452.864#453.29
343	ещё	ещё	ADV	_	_	_	_	_	@szs1962f-words#@szs1962f#453.29#453.716
344	ш...	ш...	INTJ	_	_	_	_	_	@szs1962f-words#@szs1962f#453.716#454.142
345	мм	мм	INTJ	_	_	_	_	_	@szs1962f-words#@szs1962f#454.142#454.568
346	танцовщик	танцовщик	NOUN	_	Animacy=Inan|Case=Acc|Gender=Masc|Number=Sing	_	_	_	@szs1962f-words#@szs1962f#454.568#455.0
347	и	и	CCONJ	_	_	_	_	_	@szs1962f-words#@szs1962f#455.6#455.913
348	то	то	DET	_	Case=Acc|Gender=Neut|Number=Sing	_	_	_	@szs1962f-words#@szs1962f#455.913#456.226
349	же	же	PART	_	_	_	_	_	@szs1962f-words#@szs1962f#456.226#456.539
350	самое	самый	ADJ	_	Case=Acc|Degree=Pos|Gender=Neut|Number=Sing	_	_	_	@szs1962f-words#@szs1962f#456.539#456.852
351	происходит	происходить	VERB	_	Aspect=Imp|Mood=Ind|Number=Sing|Person=3|Tense=Pres|VerbForm=Fin|Voice=Act	_	_	_	@szs1962f-words#@szs1962f#456.852#457.165
352	с	с	ADP	_	_	_	_	_	@szs1962f-words#@szs1962f#457.165#457.478
353	Кармен	Кармен	PROPN	_	Animacy=Anim|Case=Nom|Gender=Masc|Number=Sing	_	_	_	@szs1962f-words#@szs1962f#457.478#457.791
354	/	/	PUNCT	_	_	_	_	_	@szs1962f-words#@szs1962f#457.791#458.104
355	она	она	PRON	_	Case=Nom|Gender=Fem|Number=Sing|Person=3	_	_	_	@szs1962f-words#@szs1962f#458.104#458.417
356	в	в	ADP	_	_	_	_	_	@szs1962f-words#@szs1962f#458.417#458.73
357	двух	два	NUM	_	Case=Loc	_	_	_	@szs1962f-words#@szs1962f#458.73#459.043
358	воплощениях	воплощение	NOUN	_	Animacy=Inan|Case=Loc|Gender=Neut|Number=Plur	_	_	_	@szs1962f-words#@szs1962f#459.043#459.356
359	да	да	PART	_	_	_	_	_	@szs1962f-words#@szs1962f#459.356#459.669
360	это	это	PRON	_	Animacy=Inan|Case=Nom|Gender=Neut|Number=Sing	_	_	_	@szs1962f-words#@szs1962f#459.669#459.982
361	балерина	балерина	NOUN	_	Animacy=Inan|Case=Nom|Gender=Fem|Number=Sing	_	_	_	@szs1962f-words#@szs1962f#459.982#460.295
362	и	и	CCONJ	_	_	_	_	_	@szs1962f-words#@szs1962f#460.295#460.608
363	это	это	PRON	_	Animacy=Inan|Case=Nom|Gender=Neut|Number=Sing	_	_	_	@szs1962f-words#@szs1962f#460.608#460.921
364	певица	певица	NOUN	_	Animacy=Inan|Case=Nom|Gender=Fem|Number=Sing	_	_	_	@szs1962f-words#@szs1962f#460.921#461.25
365	смотрим	смотреть	VERB	_	Aspect=Imp|Mood=Ind|Number=Plur|Person=1|Tense=Pres|VerbForm=Fin|Voice=Act	_	_	_	@szs1962f-words#@szs1962f#462.0#462.471
366	фрагмент	фрагмент	NOUN	_	Animacy=Inan|Case=Acc|Gender=Masc|Number=Sing	_	_	_	@szs1962f-words#@szs1962f#462.471#462.942
367	/	/	PUNCT	_	_	_	_	_	@szs1962f-words#@szs1962f#462.942#463.413
368	спектакля	спектакль	NOUN	_	Animacy=Inan|Case=Nom|Gender=Masc|Number=Sing	_	_	_	@szs1962f-words#@szs1962f#463.413#463.884
369	Кармен	Кармен	PROPN	_	Animacy=Anim|Case=Nom|Gender=Fem|Number=Sing	_	_	_	@szs1962f-words#@szs1962f#463.884#464.355
370	/	/	PUNCT	_	_	_	_	_	@szs1962f-words#@szs1962f#464.355#464.826
371	пожалуйста	пожалуйста	ADV	_	_	_	_	_	@szs1962f-words#@szs1962f#464.826#465.3
372	[нрзб]	[нрзб]	X	_	_	_	_	_	@pmk1959m-words#@pmk1959m#185.64#186.44
373	певица	певица	NOUN	_	Animacy=Anim|Case=Nom|Gender=Fem|Number=Sing	_	_	_	@pmk1959m-words#@pmk1959m#189.71#190.25
374	как	как	SCONJ	_	_	_	_	_	@pmk1959m-words#@pmk1959m#190.78#191.23
375	чтица	чтица	NOUN	_	Animacy=Anim|Case=Nom|Gender=Fem|Number=Sing	_	_	_	@pmk1959m-words#@pmk1959m#191.23#191.68
376	ээ	ээ	INTJ	_	_	_	_	_	@pmk1959m-words#@pmk1959m#191.68#192.13
377	угу	угу	INTJ	_	_	_	_	_	@pmk1959m-words#@pmk1959m#193.09#193.44
378	[нрзб]	[нрзб]	X	_	_	_	_	_	@pmk1959m-words#@pmk1959m#284.8#285.53
379	скажи	сказать	VERB	_	Aspect=Perf|Mood=Imp|Number=Sing|Person=2|VerbForm=Fin|Voice=Act	_	_	_	@pmk1959m-words#@pmk1959m#286.77#287.039
380	пожалуйста	пожалуйста	ADV	_	_	_	_	_	@pmk1959m-words#@pmk1959m#287.039#287.308
381	ну	ну	PART	_	_	_	_	_	@pmk1959m-words#@pmk1959m#287.308#287.577
382	т...	ты	PRON	_	Case=Nom|Number=Sing|Person=2	_	_	_	@pmk1959m-words#@pmk1959m#287.577#287.846
383	при	при	ADP	_	_	_	_	_	@pmk1959m-words#@pmk1959m#287.846#288.115
384	этом	это	PRON	_	Animacy=Inan|Case=Loc|Gender=Neut|Number=Sing	_	_	_	@pmk1959m-words#@pmk1959m#288.115#288.384
385	у	у	ADP	_	_	_	_	_	@pmk1959m-words#@pmk1959m#288.384#288.653
386	тебя	ты	PRON	_	Case=Gen|Number=Sing|Person=2	_	_	_	@pmk1959m-words#@pmk1959m#288.653#288.922
387	там	там	ADV	_	_	_	_	_	@pmk1959m-words#@pmk1959m#288.922#289.191
388	есть	быть	AUX	_	Aspect=Imp|Gender=Masc|Mood=Ind|Number=Sing|Tense=Past|VerbForm=Fin|Voice=Act	_	_	_	@pmk1959m-words#@pmk1959m#289.191#289.46
389	к...	к...	INTJ	_	_	_	_	_	@pmk1959m-words#@pmk1959m#289.46#289.729
390	/	/	PUNCT	_	_	_	_	_	@pmk1959m-words#@pmk1959m#289.729#289.998
391	хор	хор	NOUN	_	Animacy=Inan|Case=Nom|Gender=Masc|Number=Sing	_	_	_	@pmk1959m-words#@pmk1959m#289.998#290.267
392	/	/	PUNCT	_	_	_	_	_	@pmk1959m-words#@pmk1959m#290.267#290.536
393	ээ	ээ	INTJ	_	_	_	_	_	@pmk1959m-words#@pmk1959m#290.536#290.805
394	/	/	PUNCT	_	_	_	_	_	@pmk1959m-words#@pmk1959m#290.805#291.074
395	который	который	PRON	_	Case=Nom	_	_	_	@pmk1959m-words#@pmk1959m#291.074#291.343
396	поют	петь	VERB	_	Aspect=Imp|Mood=Ind|Number=Sing|Person=3|Tense=Pres|VerbForm=Fin|Voice=Act	_	_	_	@pmk1959m-words#@pmk1959m#291.343#291.612
397	там	там	ADV	_	Degree=Pos	_	_	_	@pmk1959m-words#@pmk1959m#291.612#291.881
398	/	/	PUNCT	_	_	_	_	_	@pmk1959m-words#@pmk1959m#291.881#292.15
399	у	у	ADP	_	_	_	_	_	@pmk1959m-words#@pmk1959m#292.15#292.419
400	тебя	ты	PRON	_	Case=Gen|Number=Sing|Person=2	_	_	_	@pmk1959m-words#@pmk1959m#292.419#292.688
401	есть	быть	AUX	_	Aspect=Imp|Gender=Masc|Mood=Ind|Number=Plur|Tense=Pres|VerbForm=Fin|Voice=Acy	_	_	_	@pmk1959m-words#@pmk1959m#292.688#292.957
402	ээ	ээ	INTJ	_	_	_	_	_	@pmk1959m-words#@pmk1959m#292.957#293.226
403	солисты	солист	NOUN	_	Animacy=Anim|Case=Gen|Gender=Masc|Number=Sing	_	_	_	@pmk1959m-words#@pmk1959m#293.226#293.495
404	вокалисты	вокалист	NOUN	_	Animacy=Anim|Case=Nom|Gender=Masc|Number=Plur	_	_	_	@pmk1959m-words#@pmk1959m#293.495#293.764
405	/	/	PUNCT	_	_	_	_	_	@pmk1959m-words#@pmk1959m#293.764#294.033
406	и	и	CCONJ	_	_	_	_	_	@pmk1959m-words#@pmk1959m#294.033#294.302
407	во	в	ADP	_	_	_	_	_	@pmk1959m-words#@pmk1959m#294.302#294.571
408	французской	французский	ADJ	_	Case=Loc|Degree=Pos|Gender=Fem|Number=Sing	_	_	_	@pmk1959m-words#@pmk1959m#294.571#294.84
409	части	часть	NOUN	_	Animacy=Inan|Case=Loc|Gender=Fem|Number=Sing	_	_	_	@pmk1959m-words#@pmk1959m#294.84#295.109
410	и	и	CCONJ	_	_	_	_	_	@pmk1959m-words#@pmk1959m#295.109#295.378
411	в	в	ADP	_	_	_	_	_	@pmk1959m-words#@pmk1959m#295.378#295.647
412	русской	русский	ADJ	_	Case=Loc|Degree=Pos|Gender=Fem|Number=Sing	_	_	_	@pmk1959m-words#@pmk1959m#295.647#295.916
413	части	часть	NOUN	_	Animacy=Inan|Case=Loc|Gender=Fem|Number=Sing	_	_	_	@pmk1959m-words#@pmk1959m#295.916#296.185
414	/	/	PUNCT	_	_	_	_	_	@pmk1959m-words#@pmk1959m#296.185#296.454
415	солисты	солист	NOUN	_	Animacy=Anim|Case=Nom|Gender=Masc|Number=Plur	_	_	_	@pmk1959m-words#@pmk1959m#296.454#296.73
416	солисты	солист	NOUN	_	Animacy=Anim|Case=Nom|Gender=Masc|Number=Plur	_	_	_	@pmk1959m-words#@pmk1959m#297.15#297.68
417	солистка	солистка	NOUN	_	Animacy=Inan|Case=Gen|Gender=Masc|Number=Sing	_	_	_	@pmk1959m-words#@pmk1959m#298.29#299.013
418	/	/	PUNCT	_	_	_	_	_	@pmk1959m-words#@pmk1959m#299.013#299.736
419	[нрзб]	[нрзб]	X	_	_	_	_	_	@pmk1959m-words#@pmk1959m#299.736#300.46
420	но	но	CCONJ	_	_	_	_	_	@pmk1959m-words#@pmk1959m#302.09#302.297
421	ты	ты	PRON	_	Case=Nom|Number=Sing|Person=2	_	_	_	@pmk1959m-words#@pmk1959m#302.297#302.504
422	же	же	PART	_	_	_	_	_	@pmk1959m-words#@pmk1959m#302.504#302.711
423	но	но	CCONJ	_	_	_	_	_	@pmk1959m-words#@pmk1959m#302.711#302.918
424	ты	ты	PRON	_	Case=Nom|Number=Sing|Person=2	_	_	_	@pmk1959m-words#@pmk1959m#302.918#303.125
425	же	же	PART	_	_	_	_	_	@pmk1959m-words#@pmk1959m#303.125#303.332
426	писал	писать	VERB	_	Aspect=Imp|Gender=Masc|Mood=Ind|Number=Sing|Tense=Past|VerbForm=Fin|Voice=Act	_	_	_	@pmk1959m-words#@pmk1959m#303.332#303.539
427	эту	этот	DET	_	Case=Acc|Gender=Fem|Number=Sing	_	_	_	@pmk1959m-words#@pmk1959m#303.539#303.746
428	музыку	музыка	NOUN	_	Animacy=Inan|Case=Acc|Gender=Fem|Number=Sing	_	_	_	@pmk1959m-words#@pmk1959m#303.746#303.96
429	понимаешь	понимать	VERB	_	Aspect=Imp|Mood=Ind|Number=Sing|Person=2|Tense=Pres|VerbForm=Fin|Voice=Act	_	_	_	@pmk1959m-words#@pmk1959m#304.5#304.716
430	то есть	то есть	ADV	_	_	_	_	_	@pmk1959m-words#@pmk1959m#304.716#304.932
431	ты	ты	PRON	_	Case=Nom|Number=Sing|Person=2	_	_	_	@pmk1959m-words#@pmk1959m#324.79#325.136
432	зна...	знать	PROPN	_	Animacy=Anim|Case=Ins|Gender=Fem|Number=Sing	_	_	_	@pmk1959m-words#@pmk1959m#325.136#325.482
433	ты	ты	PRON	_	Case=Nom|Number=Sing|Person=2	_	_	_	@pmk1959m-words#@pmk1959m#325.482#325.828
434	знаешь	знать	VERB	_	Aspect=Imp|Mood=Ind|Number=Sing|Person=2|Tense=Pres|VerbForm=Fin|Voice=Act	_	_	_	@pmk1959m-words#@pmk1959m#325.828#326.174
435	/	/	PUNCT	_	_	_	_	_	@pmk1959m-words#@pmk1959m#326.174#326.52
436	я	я	PRON	_	Case=Nom|Number=Sing|Person=1	_	_	_	@pmk1959m-words#@pmk1959m#326.52#326.866
437	могу	мочь	AUX	_	Aspect=Imp|Mood=Ind|Number=Sing|Person=1|Tense=Pres|VerbForm=Fin|Voice=Act	_	_	_	@pmk1959m-words#@pmk1959m#326.866#327.212
438	прям	прямо	PART	_	_	_	_	_	@pmk1959m-words#@pmk1959m#327.212#327.558
439	пошагово	пошагово	ADV	_	_	_	_	_	@pmk1959m-words#@pmk1959m#327.558#327.904
440	/	/	PUNCT	_	_	_	_	_	@pmk1959m-words#@pmk1959m#327.904#328.25
441	аа	а	INTJ	_	_	_	_	_	@pmk1959m-words#@pmk1959m#328.25#328.596
442	ээ	ээ	X	_	Foreign=Yes	_	_	_	@pmk1959m-words#@pmk1959m#328.596#328.942
443	б...	б...	INTJ	_	_	_	_	_	@pmk1959m-words#@pmk1959m#328.942#329.288
444	все	все	PRON	_	Animacy=Inan|Case=Acc|Number=Plur	_	_	_	@pmk1959m-words#@pmk1959m#329.288#329.634
445	/	/	PUNCT	_	_	_	_	_	@pmk1959m-words#@pmk1959m#329.634#329.98
446	я	я	PRON	_	Case=Nom|Number=Sing|Person=1	_	_	_	@pmk1959m-words#@pmk1959m#329.98#330.326
447	вот	вот	PART	_		_	_	_	@pmk1959m-words#@pmk1959m#330.326#330.672
448	этот	этот	DET	_	Case=Acc|Gender=Masc|Number=Sing	_	_	_	@pmk1959m-words#@pmk1959m#330.672#331.018
449	голос	голос	NOUN	_	Animacy=Inan|Case=Acc|Gender=Masc|Number=Sing	_	_	_	@pmk1959m-words#@pmk1959m#331.018#331.364
450	всё	весь	DET	_	Case=Acc|Gender=Neut|Number=Sing	_	_	_	@pmk1959m-words#@pmk1959m#331.364#331.71
451	время	время	NOUN	_	Animacy=Inan|Case=Acc|Gender=Neut|Number=Sing	_	_	_	@pmk1959m-words#@pmk1959m#331.71#332.056
452	/	/	PUNCT	_	_	_	_	_	@pmk1959m-words#@pmk1959m#332.056#332.402
453	меццо	меццо	NOUN	_	Animacy=Inan|Case=Acc|Gender=Neut|Number=Sing	_	_	_	@pmk1959m-words#@pmk1959m#332.402#332.748
454	этой	этот	DET	_	Case=Gen|Gender=Fem|Number=Sing	_	_	_	@pmk1959m-words#@pmk1959m#332.748#333.094
455	/	/	PUNCT	_	_	_	_	_	@pmk1959m-words#@pmk1959m#333.094#333.44
456	прекрасной	прекрасный	ADJ	_	Case=Gen|Degree=Pos|Gender=Fem|Number=Sing	_	_	_	@pmk1959m-words#@pmk1959m#333.44#333.786
457	нашей	наш	DET	_	Case=Gen|Gender=Fem|Number=Sing	_	_	_	@pmk1959m-words#@pmk1959m#333.786#334.132
458	Карины	Карина	PROPN	_	Animacy=Inan|Case=Gen|Gender=Fem|Number=Sing	_	_	_	@pmk1959m-words#@pmk1959m#334.132#334.478
459	Хайлун	Хайлун	PROPN	_	Animacy=Anim|Case=Nom|Gender=Fem|Number=Sing	_	_	_	@pmk1959m-words#@pmk1959m#334.478#334.824
460	/	/	PUNCT	_	_	_	_	_	@pmk1959m-words#@pmk1959m#334.824#335.17
461	в	в	ADP	_	_	_	_	_	@pmk1959m-words#@pmk1959m#335.17#335.516
462	моЮм	мой	DET	_	Case=Loc|Gender=Neut|Number=Sing	_	_	_	@pmk1959m-words#@pmk1959m#335.516#335.862
463	спектакле	спектакль	NOUN	_	Animacy=Inan|Case=Loc|Gender=Masc|Number=Sing	_	_	_	@pmk1959m-words#@pmk1959m#335.862#336.208
464	Щелкунчик	Щелкунчик	PROPN	_	Animacy=Inan|Case=Loc|Gender=Masc|Number=Sing	_	_	_	@pmk1959m-words#@pmk1959m#336.9#337.246
465	в	в	ADP	_					
466	Зарядье	Зарядье	NOUN	_	Animacy=Inan|Case=Loc|Gender=Neut|Number=Sing				
467	/	/	PUNCT	_	_	_	_	_	@pmk1959m-words#@pmk1959m#337.246#337.592
468	она	она	PRON	_	Case=Nom|Gender=Fem|Number=Sing|Person=3	_	_	_	@pmk1959m-words#@pmk1959m#337.592#337.938
469	пела	петь	VERB	_	Aspect=Imp|Gender=Fem|Mood=Ind|Number=Sing|Tense=Past|VerbForm=Fin|Voice=Act	_	_	_	@pmk1959m-words#@pmk1959m#337.938#338.284
470	восточную	восточный	ADJ	_	Case=Acc|Degree=Pos|Gender=Fem|Number=Sing	_	_	_	@pmk1959m-words#@pmk1959m#338.284#338.63
471	куклу	кукла	NOUN	_	Animacy=Anim|Case=Acc|Gender=Fem|Number=Sing	_	_	_	@pmk1959m-words#@pmk1959m#338.63#339.0
472	ээ	ээ	INTJ	_	_	_	_	_	@pmk1959m-words#@pmk1959m#339.53#339.85
473	/	/	PUNCT	_	_	_	_	_	@pmk1959m-words#@pmk1959m#339.85#340.17
474	поразительно	поразительно	ADV	_	Degree=Pos	_	_	_	@pmk1959m-words#@pmk1959m#340.17#340.49
475	/	/	PUNCT	_	_	_	_	_	@pmk1959m-words#@pmk1959m#340.49#340.81
476	поразительно	поразительно	ADV	_	Degree=Pos	_	_	_	@pmk1959m-words#@pmk1959m#340.81#341.13
477	пела	петь	VERB	_	Aspect=Imp|Gender=Fem|Mood=Ind|Number=Sing|Tense=Past|VerbForm=Fin|Voice=Act	_	_	_	@pmk1959m-words#@pmk1959m#341.13#341.45
478	/	/	PUNCT	_	_	_	_	_	@pmk1959m-words#@pmk1959m#341.45#341.77
479	и	и	CCONJ	_	_	_	_	_	@pmk1959m-words#@pmk1959m#341.77#342.09
480	однажды	однажды	ADV	_	Degree=Pos	_	_	_	@pmk1959m-words#@pmk1959m#342.09#342.41
481	ээ	ээ	NOUN	_	Animacy=Inan|Case=Nom|Gender=Neut|Number=Sing	_	_	_	@pmk1959m-words#@pmk1959m#342.41#342.73
482	на	на	ADP	_	_	_	_	_	@pmk1959m-words#@pmk1959m#342.73#343.05
483	спектакль	спектакль	NOUN	_	Animacy=Inan|Case=Acc|Gender=Masc|Number=Sing	_	_	_	@pmk1959m-words#@pmk1959m#343.05#343.37
484	пришёл	прийти	VERB	_	Aspect=Perf|Gender=Masc|Mood=Ind|Number=Sing|Tense=Past|VerbForm=Fin|Voice=Act	_	_	_	@pmk1959m-words#@pmk1959m#343.37#343.69
485	мой	мой	DET	_	Case=Nom|Gender=Masc|Number=Sing	_	_	_	@pmk1959m-words#@pmk1959m#343.69#344.01
486	друг	друг	NOUN	_	Animacy=Anim|Case=Nom|Gender=Masc|Number=Sing	_	_	_	@pmk1959m-words#@pmk1959m#344.01#344.33
487	ээ	ээ	INTJ	_	_	_	_	_	@pmk1959m-words#@pmk1959m#344.33#344.65
488	Саша	Саша	PROPN	_	Animacy=Anim|Case=Nom|Gender=Masc|Number=Sing	_	_	_	@pmk1959m-words#@pmk1959m#344.65#344.97
489	Балуев	Балуев	PROPN	_	Animacy=Anim|Case=Nom|Gender=Masc|Number=Sing	_	_	_	@pmk1959m-words#@pmk1959m#344.97#345.29
490	/	/	PUNCT	_	_	_	_	_	@pmk1959m-words#@pmk1959m#345.29#345.61
491	артист	артист	NOUN	_	Animacy=Anim|Case=Nom|Gender=Masc|Number=Sing	_	_	_	@pmk1959m-words#@pmk1959m#345.61#345.93
492	замечательный	замечательный	ADJ	_	Case=Nom|Degree=Pos|Gender=Masc|Number=Sing	_	_	_	@pmk1959m-words#@pmk1959m#345.93#346.25
493	наш	наш	DET	_	Case=Nom|Gender=Masc|Number=Sing	_	_	_	@pmk1959m-words#@pmk1959m#346.25#346.57
494	/	/	PUNCT	_	_	_	_	_	@pmk1959m-words#@pmk1959m#346.57#346.89
495	который	который	PRON	_	Case=Nom	_	_	_	@pmk1959m-words#@pmk1959m#346.89#347.21
496	/	/	PUNCT	_	_	_	_	_	@pmk1959m-words#@pmk1959m#347.21#347.53
497	после	после	ADP	_	_	_	_	_	@pmk1959m-words#@pmk1959m#347.53#347.85
498	спектакля	спектакль	NOUN	_	Animacy=Inan|Case=Gen|Gender=Masc|Number=Sing	_	_	_	@pmk1959m-words#@pmk1959m#347.85#348.17
499	он	он	PRON	_	Case=Nom|Gender=Masc|Number=Sing|Person=3	_	_	_	@pmk1959m-words#@pmk1959m#348.17#348.49
500	пришЮл	прийти	VERB	_	Aspect=Perf|Gender=Masc|Mood=Ind|Number=Sing|Tense=Past|VerbForm=Fin|Voice=Act	_	_	_	@pmk1959m-words#@pmk1959m#348.49#348.81
501	говорит	говорить	VERB	_	Aspect=Imp|Mood=Ind|Number=Sing|Person=3|Tense=Pres|VerbForm=Fin|Voice=Act	_	_	_	@pmk1959m-words#@pmk1959m#348.81#349.13
502	Паша	Паша	PROPN	_	Animacy=Anim|Case=Nom|Gender=Masc|Number=Sing	_	_	_	@pmk1959m-words#@pmk1959m#349.13#349.45
503	я	я	PRON	_	Case=Nom|Number=Sing|Person=1	_	_	_	@pmk1959m-words#@pmk1959m#349.45#349.77
504	тоже	тоже	PART	_	_	_	_	_	@pmk1959m-words#@pmk1959m#349.77#350.09
505	хочу	хотеть	VERB	_	Aspect=Imp|Mood=Ind|Number=Sing|Person=1|Tense=Pres|VerbForm=Fin|Voice=Act	_	_	_	@pmk1959m-words#@pmk1959m#350.09#350.41
506	в	в	ADP	_	_	_	_	_	@pmk1959m-words#@pmk1959m#350.41#350.73
507	таком	такой	DET	_	Case=Loc|Gender=Neut|Number=Sing	_	_	_	@pmk1959m-words#@pmk1959m#350.73#351.05
508	участвовать	участвовать	VERB	_	Aspect=Imp|VerbForm=Inf|Voice=Act	_	_	_	@pmk1959m-words#@pmk1959m#351.05#351.37
509	/	/	PUNCT	_	_	_	_	_	@pmk1959m-words#@pmk1959m#351.37#351.69
510	я	я	PRON	_	Case=Nom|Number=Sing|Person=1	_	_	_	@pmk1959m-words#@pmk1959m#351.69#352.01
511	подумал	подумать	VERB	_	Aspect=Perf|Gender=Masc|Mood=Ind|Number=Sing|Tense=Past|VerbForm=Fin|Voice=Act	_	_	_	@pmk1959m-words#@pmk1959m#352.01#352.33
512	/	/	PUNCT	_	_	_	_	_	@pmk1959m-words#@pmk1959m#352.33#352.65
513	как	как	SCONJ	_	_	_	_	_	@pmk1959m-words#@pmk1959m#352.65#352.97
514	интересно	интересно	ADV	_	Degree=Pos	_	_	_	@pmk1959m-words#@pmk1959m#352.97#353.29
515	/	/	PUNCT	_	_	_	_	_	@pmk1959m-words#@pmk1959m#353.29#353.61
516	она	она	PRON	_	Case=Nom|Gender=Fem|Number=Sing|Person=3	_	_	_	@pmk1959m-words#@pmk1959m#353.61#353.93
517	могла	мочь	AUX	_	Aspect=Imp|Gender=Fem|Mood=Ind|Number=Sing|Tense=Past|VerbForm=Fin|Voice=Act	_	_	_	@pmk1959m-words#@pmk1959m#353.93#354.25
518	бы	бы	AUX	_	_	_	_	_	@pmk1959m-words#@pmk1959m#354.25#354.57
519	быть	быть	AUX	_	Aspect=Imp|VerbForm=Inf|Voice=Act	_	_	_	@pmk1959m-words#@pmk1959m#354.57#354.89
520	Кармен	Кармен	PROPN	_	Animacy=Anim|Case=Nom|Gender=Masc|Number=Sing	_	_	_	@pmk1959m-words#@pmk1959m#354.89#355.21
521	/	/	PUNCT	_	_	_	_	_	@pmk1959m-words#@pmk1959m#355.21#355.53
522	а	а	CCONJ	_	_	_	_	_	@pmk1959m-words#@pmk1959m#355.53#355.85
523	он	он	PRON	_	Case=Nom|Gender=Masc|Number=Sing|Person=3	_	_	_	@pmk1959m-words#@pmk1959m#355.85#356.17
524	бы	бы	AUX	_	_	_	_	_	@pmk1959m-words#@pmk1959m#356.17#356.49
525	мог	мочь	AUX	_	Aspect=Imp|Gender=Masc|Mood=Ind|Number=Sing|Tense=Past|VerbForm=Fin|Voice=Act	_	_	_	@pmk1959m-words#@pmk1959m#356.49#356.81
526	бы	бы	AUX	_	_	_	_	_	@pmk1959m-words#@pmk1959m#356.81#357.13
527	старым	старый	ADJ	_	Case=Ins|Degree=Pos|Gender=Masc|Number=Sing	_	_	_	@pmk1959m-words#@pmk1959m#357.13#357.45
528	ээ	ээ	X	_	Foreign=Yes	_	_	_	@pmk1959m-words#@pmk1959m#357.45#357.77
529	как бы	как бы	ADV	_	Degree=Pos	_	_	_	@pmk1959m-words#@pmk1959m#357.77#358.09
530	Хозе	Хозе	PROPN	_	Animacy=Anim|Case=Nom|Gender=Masc|Number=Sing	_	_	_	@pmk1959m-words#@pmk1959m#358.41#358.73
531	/	/	PUNCT	_	_	_	_	_	@pmk1959m-words#@pmk1959m#358.73#359.05
532	так	так	ADV	_	Degree=Pos	_	_	_	@pmk1959m-words#@pmk1959m#359.05#359.37
533	скажем	сказать	VERB	_	Aspect=Perf|Mood=Ind|Number=Plur|Person=1|Tense=Fut|VerbForm=Fin|Voice=Act	_	_	_	@pmk1959m-words#@pmk1959m#359.37#359.69
534	/	/	PUNCT	_	_	_	_	_	@pmk1959m-words#@pmk1959m#359.69#360.01
535	вот	вот	PART	_	_	_	_	_	@pmk1959m-words#@pmk1959m#360.01#360.33
536	с	с	ADP	_	_	_	_	_	@pmk1959m-words#@pmk1959m#360.33#360.65
537	этого	это	PRON	_	Animacy=Inan|Case=Gen|Gender=Neut|Number=Sing	_	_	_	@pmk1959m-words#@pmk1959m#360.65#360.97
538	началось	начатьсЯ	VERB	_	Aspect=Perf|Gender=Neut|Mood=Ind|Number=Sing|Tense=Past|VerbForm=Fin|Voice=Mid	_	_	_	@pmk1959m-words#@pmk1959m#360.97#361.29
539	/	/	PUNCT	_	_	_	_	_	@pmk1959m-words#@pmk1959m#361.29#361.61
540	и	и	CCONJ	_	_	_	_	_	@pmk1959m-words#@pmk1959m#361.61#361.93
541	началось	начатьсЯ	VERB	_	Aspect=Perf|Gender=Neut|Mood=Ind|Number=Sing|Tense=Past|VerbForm=Fin|Voice=Mid	_	_	_	@pmk1959m-words#@pmk1959m#361.93#362.25
542	придумывание	придумывание	NOUN	_	Animacy=Inan|Case=Nom|Gender=Neut|Number=Sing	_	_	_	@pmk1959m-words#@pmk1959m#362.25#362.57
543	а	а	CCONJ	_	_	_	_	_	@pmk1959m-words#@pmk1959m#362.57#362.89
544	там	там	ADV	_	_	_	_	_	@pmk1959m-words#@pmk1959m#362.89#363.21
545	уже	уже	ADV	_	_	_	_	_	@pmk1959m-words#@pmk1959m#363.21#363.53
546	шаг-пошаг	шаг-пошаг	ADV	_	_	_	_	_	@pmk1959m-words#@pmk1959m#363.53#363.85
547	что	что	PRON	_	Case=Nom	_	_	_	@pmk1959m-words#@pmk1959m#364.17#364.49
548	называется	называться	VERB	_	Aspect=Imp|Mood=Ind|Number=Sing|Person=3|Tense=Pres|VerbForm=Fin|Voice=Mid	_	_	_	@pmk1959m-words#@pmk1959m#364.49#364.83
549	слушай	слушать	VERB	_	Aspect=Perf|Mood=Imp|Number=Sing|Person=2|VerbForm=Fin|Voice=Act	_	_	_	@pmk1959m-words#@pmk1959m#368.64#369.022
550	я	я	PRON	_	Case=Nom|Number=Sing|Person=1	_	_	_	@pmk1959m-words#@pmk1959m#369.022#369.404
551	однажды	однажды	ADV	_	_	_	_	_	@pmk1959m-words#@pmk1959m#369.404#369.786
552	делал	делать	VERB	_	Aspect=Imp|Gender=Masc|Mood=Ind|Number=Sing|Tense=Past|VerbForm=Fin|Voice=Act	_	_	_	@pmk1959m-words#@pmk1959m#369.786#370.168
553	я	я	PRON	_	Case=Nom|Number=Sing|Person=1	_	_	_	@pmk1959m-words#@pmk1959m#370.168#370.55
554	однажды	однажды	ADV	_	_	_	_	_	@pmk1959m-words#@pmk1959m#370.55#370.932
555	делал	делать	VERB	_	Aspect=Imp|Gender=Masc|Mood=Ind|Number=Sing|Tense=Past|VerbForm=Fin|Voice=Act	_	_	_	@pmk1959m-words#@pmk1959m#370.932#371.314
556	такое	такой	DET	_	Case=Acc|Gender=Neut|Number=Sing	_	_	_	@pmk1959m-words#@pmk1959m#371.314#371.696
557	огромное	огромный	ADJ	_	Case=Acc|Degree=Pos|Gender=Neut|Number=Sing	_	_	_	@pmk1959m-words#@pmk1959m#371.696#372.078
558	шоу	шоу	NOUN	_	Animacy=Inan|Case=Acc|Gender=Neut|Number=Sing	_	_	_	@pmk1959m-words#@pmk1959m#372.078#372.46
559	/	/	PUNCT	_	_	_	_	_	@pmk1959m-words#@pmk1959m#372.46#372.842
560	где	где	ADV	_	_	_	_	_	@pmk1959m-words#@pmk1959m#372.842#373.224
561	участвовал	участвовать	VERB	_	Aspect=Imp|Gender=Masc|Mood=Ind|Number=Sing|Tense=Past|VerbForm=Fin|Voice=Act	_	_	_	@pmk1959m-words#@pmk1959m#373.224#373.606
562	Роберто	Роберто	PROPN	_	Animacy=Anim|Case=Acc|Gender=Masc|Number=Sing	_	_	_	@pmk1959m-words#@pmk1959m#373.606#373.988
563	Аланья	Аланья	PROPN	_	Animacy=Anim|Case=Acc|Gender=Masc|Number=Sing	_	_	_	@pmk1959m-words#@pmk1959m#373.988#374.37
564	/	/	PUNCT	_	_	_	_	_	@pmk1959m-words#@pmk1959m#374.37#374.752
565	Диана	Диана	PROPN	_	Animacy=Anim|Case=Gen|Gender=Fem|Number=Sing	_	_	_	@pmk1959m-words#@pmk1959m#374.752#375.134
566	Вишнёва	Вишнёва	PROPN	_	Animacy=Anim|Case=Gen|Gender=Fem|Number=Sing	_	_	_	@pmk1959m-words#@pmk1959m#375.134#375.516
567	/	/	PUNCT	_	_	_	_	_	@pmk1959m-words#@pmk1959m#375.516#375.898
568	Василий	Василий	PROPN	_	Animacy=Anim|Case=Nom|Gender=Masc|Number=Sing	_	_	_	@pmk1959m-words#@pmk1959m#375.898#376.28
569	Ладюк	Ладюк	PROPN	_	Animacy=Anim|Case=Nom|Gender=Masc|Number=Sing	_	_	_	@pmk1959m-words#@pmk1959m#376.28#376.662
570	/	/	PUNCT	_	_	_	_	_	@pmk1959m-words#@pmk1959m#376.662#377.044
571	хор	хор	NOUN	_	Animacy=Inan|Case=Nom|Gender=Masc|Number=Sing	_	_	_	@pmk1959m-words#@pmk1959m#377.044#377.426
572	/	/	PUNCT	_	_	_	_	_	@pmk1959m-words#@pmk1959m#377.426#377.808
573	мм	мм	INTJ	_	_	_	_	_	@pmk1959m-words#@pmk1959m#377.808#378.19
574	Свешникова	Свешников	PROPN	_	Animacy=Anim|Case=Gen|Gender=Masc|Number=Sing	_	_	_	@pmk1959m-words#@pmk1959m#378.19#378.572
575	такой	такой	DET	_	Case=Nom|Gender=Masc|Number=Sing	_	_	_	@pmk1959m-words#@pmk1959m#378.572#378.954
576	огромный	огромный	ADJ	_	Case=Nom|Degree=Pos|Gender=Masc|Number=Sing	_	_	_	@pmk1959m-words#@pmk1959m#378.954#379.336
577	огромный	огромный	ADJ	_	Case=Nom|Degree=Pos|Gender=Masc|Number=Sing	_	_	_	@pmk1959m-words#@pmk1959m#379.336#379.718
578	был	быть	AUX	_	Aspect=Imp|Gender=Masc|Mood=Ind|Number=Sing|Tense=Past|VerbForm=Fin|Voice=Act	_	_	_	@pmk1959m-words#@pmk1959m#379.718#380.1
579	проект	проект	NOUN	_	Animacy=Inan|Case=Nom|Gender=Masc|Number=Sing	_	_	_	@pmk1959m-words#@pmk1959m#380.1#380.482
580	/	/	PUNCT	_	_	_	_	_	@pmk1959m-words#@pmk1959m#380.482#380.864
581	вокруг	вокруг	ADV	_	Degree=Pos	_	_	_	@pmk1959m-words#@pmk1959m#380.864#381.246
582	Кармен	Кармен	PROPN	_	Animacy=Anim|Case=Nom|Gender=Fem|Number=Sing	_	_	_	@pmk1959m-words#@pmk1959m#381.246#381.628
583	/	/	PUNCT	_	_	_	_	_	@pmk1959m-words#@pmk1959m#381.628#382.01
584	ээ	ээ	INTJ	_	_	_	_	_	@pmk1959m-words#@pmk1959m#382.01#382.392
585	поэтому	поэтому	ADV	_	_	_	_	_	@pmk1959m-words#@pmk1959m#382.392#382.774
586	эта	этот	DET	_	Case=Nom|Gender=Fem|Number=Sing	_	_	_	@pmk1959m-words#@pmk1959m#382.774#383.156
587	меня	я	PRON	_	Case=Acc|Number=Sing|Person=1	_	_	_	@pmk1959m-words#@pmk1959m#383.156#383.538
588	тема	тема	NOUN	_	Animacy=Inan|Case=Nom|Gender=Fem|Number=Sing	_	_	_	@pmk1959m-words#@pmk1959m#383.538#383.92
589	вообще	вообще	ADV	_	_	_	_	_	@pmk1959m-words#@pmk1959m#383.92#384.302
590	всё	весь	DET	_	Case=Acc|Gender=Neut|Number=Sing	_	_	_	@pmk1959m-words#@pmk1959m#384.302#384.684
591	время	время	NOUN	_	Animacy=Inan|Case=Acc|Gender=Neut|Number=Sing	_	_	_	@pmk1959m-words#@pmk1959m#384.684#385.066
592	влечёт	влечь	VERB	_	Aspect=Imp|Mood=Ind|Number=Sing|Person=3|Tense=Pres|VerbForm=Fin|Voice=Act	_	_	_	@pmk1959m-words#@pmk1959m#385.066#385.448
593	/	/	PUNCT	_	_	_	_	_	@pmk1959m-words#@pmk1959m#385.448#385.83
594	и	и	CCONJ	_	_	_	_	_	@pmk1959m-words#@pmk1959m#385.83#386.212
595	тянет	тянуть	VERB	_	Aspect=Imp|Mood=Ind|Number=Sing|Person=3|Tense=Pres|VerbForm=Fin|Voice=Act	_	_	_	@pmk1959m-words#@pmk1959m#386.212#386.594
596	/	/	PUNCT	_	_	_	_	_	@pmk1959m-words#@pmk1959m#386.594#386.976
597	почему	почему	ADV	_	_	_	_	_	@pmk1959m-words#@pmk1959m#386.976#387.358
598	не	не	PART	_	_	_	_	_	@pmk1959m-words#@pmk1959m#387.358#387.74
599	знаю	знать	VERB	_	Aspect=Imp|Mood=Ind|Number=Sing|Person=1|Tense=Pres|VerbForm=Fin|Voice=Act	_	_	_	@pmk1959m-words#@pmk1959m#387.74#388.122
600	даже	даже	PART	_	_	_	_	_	@pmk1959m-words#@pmk1959m#388.122#388.504
601	не	не	PART	_	_	_	_	_	@pmk1959m-words#@pmk1959m#388.504#388.886
602	мотивированно	мотивированно	ADV	_	Degree=Pos	_	_	_	@pmk1959m-words#@pmk1959m#388.886#389.3
603	я	я	PRON	_	Case=Nom|Number=Sing|Person=1	_	_	_	@pmk1959m-words#@pmk1959m#413.3#413.563
604	тоже	тоже	PART	_	_	_	_	_	@pmk1959m-words#@pmk1959m#413.563#413.826
605	считал	считать	VERB	_	Aspect=Imp|Gender=Masc|Mood=Ind|Number=Sing|Tense=Past|VerbForm=Fin|Voice=Act	_	_	_	@pmk1959m-words#@pmk1959m#413.826#414.089
606	всегда	всегда	ADV	_	Degree=Pos	_	_	_	@pmk1959m-words#@pmk1959m#414.089#414.352
607	что	что	SCONJ	_	_	_	_	_	@pmk1959m-words#@pmk1959m#414.352#414.615
608	арабский	арабский	ADJ	_	Case=Nom|Degree=Pos|Gender=Masc|Number=Sing	_	_	_	@pmk1959m-words#@pmk1959m#414.615#414.878
609	/	/	PUNCT	_	_	_	_	_	@pmk1959m-words#@pmk1959m#414.878#415.141
610	я	я	PRON	_	Case=Nom|Number=Sing|Person=1	_	_	_	@pmk1959m-words#@pmk1959m#415.141#415.404
611	для	для	ADP	_	_	_	_	_	@pmk1959m-words#@pmk1959m#415.404#415.667
612	этого	это	PRON	_	Animacy=Inan|Case=Gen|Gender=Neut|Number=Sing	_	_	_	@pmk1959m-words#@pmk1959m#415.667#415.93
613	/	/	PUNCT	_	_	_	_	_	@pmk1959m-words#@pmk1959m#415.93#416.193
614	Айдан	Айдан	PROPN	_	Animacy=Inan|Case=Acc|Gender=Fem|Number=Sing	_	_	_	@pmk1959m-words#@pmk1959m#416.193#416.456
615	Салахову	Салахова	PROPN	_	Animacy=Anim|Case=Acc|Gender=Fem|Number=Sing	_	_	_	@pmk1959m-words#@pmk1959m#416.456#416.719
616	позвал	позвать	VERB	_	Aspect=Perf|Gender=Masc|Mood=Ind|Number=Sing|Tense=Past|VerbForm=Fin|Voice=Act	_	_	_	@pmk1959m-words#@pmk1959m#416.719#416.982
617	то есть	то есть	ADV	_	_	_	_	_	@pmk1959m-words#@pmk1959m#416.982#417.245
618	/	/	PUNCT	_	_	_	_	_	@pmk1959m-words#@pmk1959m#417.508#417.771
619	как	как	ADV	_	_	_	_	_	@pmk1959m-words#@pmk1959m#417.771#418.034
620	бы	бы	PART	_	_	_	_	_	@pmk1959m-words#@pmk1959m#418.034#418.297
621	я	я	PRON	_	Case=Nom|Number=Sing|Person=1	_	_	_	@pmk1959m-words#@pmk1959m#418.297#418.56
622	эту	этот	DET	_	Case=Acc|Gender=Fem|Number=Sing	_	_	_	@pmk1959m-words#@pmk1959m#418.56#418.823
623	тему	тема	NOUN	_	Animacy=Inan|Case=Acc|Gender=Fem|Number=Sing	_	_	_	@pmk1959m-words#@pmk1959m#418.823#419.086
624	тоже	тоже	PART	_	_	_	_	_	@pmk1959m-words#@pmk1959m#419.086#419.349
625	как	как	ADV	_	_	_	_	_	@pmk1959m-words#@pmk1959m#419.349#419.612
626	бы	бы	AUX	_	_	_	_	_	@pmk1959m-words#@pmk1959m#419.612#419.875
627	там	там	ADV	_	_	_	_	_	@pmk1959m-words#@pmk1959m#419.875#420.138
628	всегда	всегда	ADV	_	_	_	_	_	@pmk1959m-words#@pmk1959m#420.138#420.401
629	слышал	слышать	VERB	_	Aspect=Imp|Gender=Masc|Mood=Ind|Number=Sing|Tense=Past|VerbForm=Fin|Voice=Act	_	_	_	@pmk1959m-words#@pmk1959m#420.401#420.67
630	да	да	CCONJ	_	_	_	_	_	@pmk1959m-words#@pmk1959m#421.2#421.635
631	и	и	PART	_	_	_	_	_	@pmk1959m-words#@pmk1959m#421.635#422.07
632	поэтому	поэтому	SCONJ	_	_	_	_	_	@pmk1959m-words#@pmk1959m#422.07#422.505
633	по...	появиться	VERB	_	Aspect=Perf|Gender=Masc|Mood=Ind|Number=Sing|Tense=Past|VerbForm=Fin|Voice=Mid	_	_	_	@pmk1959m-words#@pmk1959m#422.505#422.94
634	появился	появиться	VERB	_	Aspect=Perf|Gender=Masc|Mood=Ind|Number=Sing|Tense=Past|VerbForm=Fin|Voice=Mid	_	_	_	@pmk1959m-words#@pmk1959m#422.94#423.375
635	Московский	московский	ADJ	_	Case=Nom|Degree=Pos|Gender=Masc|Number=Sing	_	_	_	@pmk1959m-words#@pmk1959m#423.375#423.81
636	Андалузский	андалузский	ADJ	_	Case=Nom|Degree=Pos|Gender=Masc|Number=Sing	_	_	_	@pmk1959m-words#@pmk1959m#423.81#424.245
637	Ансамбль	ансамбль	PROPN	_	Animacy=Anim|Case=Nom|Gender=Masc|Number=Sing	_	_	_	@pmk1959m-words#@pmk1959m#424.245#424.68
638	/	/	PUNCT	_	_	_	_	_	@pmk1959m-words#@pmk1959m#424.68#425.115
639	ээ	ээ	INTJ	_	_	_	_	_	@pmk1959m-words#@pmk1959m#425.115#425.55
640	который	который	PRON	_	Case=Acc	_	_	_	@pmk1959m-words#@pmk1959m#425.55#425.985
641	Филипп	Филипп	PROPN	_	Animacy=Anim|Case=Nom|Gender=Masc|Number=Sing	_	_	_	@pmk1959m-words#@pmk1959m#425.985#426.42
642	Чижевский	Чижевский	PROPN	_	Animacy=Anim|Case=Nom|Gender=Masc|Number=Sing	_	_	_	@pmk1959m-words#@pmk1959m#426.42#426.855
643	пригласил	пригласить	VERB	_	Aspect=Perf|Gender=Masc|Mood=Ind|Number=Sing|Tense=Past|VerbForm=Fin|Voice=Act	_	_	_	@pmk1959m-words#@pmk1959m#426.855#427.29
644	/	/	PUNCT	_	_	_	_	_	@pmk1959m-words#@pmk1959m#427.29#427.725
645	Филипп	Филипп	PROPN	_	Animacy=Anim|Case=Nom|Gender=Masc|Number=Sing	_	_	_	@pmk1959m-words#@pmk1959m#427.725#428.16
646	Чижевский	Чижевский	PROPN	_	Animacy=Anim|Case=Nom|Gender=Masc|Number=Sing	_	_	_	@pmk1959m-words#@pmk1959m#428.16#428.595
647	замечательный	замечательный	ADJ	_	Animacy=Inan|Case=Acc|Degree=Pos|Gender=Masc|Number=Sing	_	_	_	@pmk1959m-words#@pmk1959m#428.595#429.03
648	мм	мм	INTJ	_	_	_	_	_	@pmk1959m-words#@pmk1959m#429.03#429.465
649	/	/	PUNCT	_	_	_	_	_	@pmk1959m-words#@pmk1959m#429.465#429.9
650	дерижёр	дерижёр	NOUN	_	Animacy=Anim|Case=Nom|Gender=Masc|Number=Sing	_	_	_	@pmk1959m-words#@pmk1959m#429.9#430.335
651	/	/	PUNCT	_	_	_	_	_	@pmk1959m-words#@pmk1959m#430.335#430.77
652	там	там	ADV	_	_	_	_	_	@pmk1959m-words#@pmk1959m#430.77#431.205
653	ещё	ещё	ADV	_	_	_	_	_	@pmk1959m-words#@pmk1959m#431.205#431.64
654	инструменты	инструмент	NOUN	_	Animacy=Inan|Case=Nom|Gender=Masc|Number=Plur	_	_	_	@pmk1959m-words#@pmk1959m#431.64#432.075
655	пятнадцатого	пятнадцатый	NUM	_	Case=Gen|Degree=Pos|Gender=Masc|Number=Sing	_	_	_	@pmk1959m-words#@pmk1959m#432.075#432.51
656	века	век	NOUN	_	Animacy=Inan|Case=Gen|Gender=Masc|Number=Sing	_	_	_	@pmk1959m-words#@pmk1959m#432.51#432.945
657	настоящие	настоящий	ADJ	_	Case=Nom|Degree=Pos|Number=Plur	_	_	_	@pmk1959m-words#@pmk1959m#432.945#433.38
658	э	э	INTJ	_	_	_	_	_	@pmk1959m-words#@pmk1959m#433.38#433.815
659	используются	использоваться	VERB	_	Aspect=Imp|Mood=Ind|Number=Plur|Person=3|Tense=Pres|VerbForm=Fin|Voice=Pass	_	_	_	@pmk1959m-words#@pmk1959m#433.815#434.26
660	а	а	CCONJ	_	_	_	_	_	@pmk1959m-words#@pmk1959m#434.5#434.886
661	вдруг	вдруг	ADV	_	_	_	_	_	@pmk1959m-words#@pmk1959m#434.886#435.272
662	так	так	ADV	_	_	_	_	_	@pmk1959m-words#@pmk1959m#435.272#435.658
663	так	так	ADV	_	_	_	_	_	@pmk1959m-words#@pmk1959m#435.658#436.044
664	слоши...	сложитьсЯ	VERB	_	Aspect=Perf|Gender=Neut|Mood=Ind|Number=Sing|Tense=Past|VerbForm=Fin|Voice=Mid	_	_	_	@pmk1959m-words#@pmk1959m#436.044#436.43
665	сложилось	сложитьсЯ	VERB	_	Aspect=Perf|Gender=Neut|Mood=Ind|Number=Sing|Tense=Past|VerbForm=Fin|Voice=Mid	_	_	_	@pmk1959m-words#@pmk1959m#436.43#436.816
666	/	/	PUNCT	_	_	_	_	_	@pmk1959m-words#@pmk1959m#436.816#437.202
667	Хачатур	Хачатур	PROPN	_	Animacy=Anim|Case=Nom|Gender=Masc|Number=Sing	_	_	_	@pmk1959m-words#@pmk1959m#437.202#437.588
668	Бадалян	Бадалян	PROPN	_	Animacy=Anim|Case=Nom|Gender=Masc|Number=Sing	_	_	_	@pmk1959m-words#@pmk1959m#437.588#437.974
669	/	/	PUNCT	_	_	_	_	_	@pmk1959m-words#@pmk1959m#437.974#438.36
670	Эдик	Эдик	PROPN	_	Animacy=Anim|Case=Nom|Gender=Masc|Number=Sing	_	_	_	@pmk1959m-words#@pmk1959m#438.36#438.746
671	Ахметшин	Ахметшин	PROPN	_	Animacy=Anim|Case=Nom|Gender=Masc|Number=Sing	_	_	_	@pmk1959m-words#@pmk1959m#438.746#439.132
672	/	/	PUNCT	_	_	_	_	_	@pmk1959m-words#@pmk1959m#439.132#439.518
673	ээ	ээ	INTJ	_	_	_	_	_	@pmk1959m-words#@pmk1959m#439.518#439.904
674	/	/	PUNCT	_	_	_	_	_	@pmk1959m-words#@pmk1959m#439.904#440.29
675	Карина	Карина	PROPN	_	Animacy=Anim|Case=Nom|Gender=Fem|Number=Sing	_	_	_	@pmk1959m-words#@pmk1959m#440.29#440.676
676	Хайлун	Хайлун	PROPN	_	Animacy=Anim|Case=Nom|Gender=Fem|Number=Sing	_	_	_	@pmk1959m-words#@pmk1959m#440.676#441.07
677	в	в	ADP	_	_	_	_	_	@pmk1959m-words#@pmk1959m#442.46#442.75
678	трёх	три	NUM	_	Case=Loc	_	_	_	@pmk1959m-words#@pmk1959m#442.75#443.04
679	лицах	лицо	NOUN	_	Animacy=Inan|Case=Loc|Gender=Fem|Number=Plur	_	_	_	@pmk1959m-words#@pmk1959m#443.04#443.33
680	э	э	INTJ	_	_	_	_	_	@pmk1959m-words#@pmk1959m#450.5#450.85
681	Хачатур	Хачатур	PROPN	_	Animacy=Anim|Case=Nom|Gender=Masc|Number=Sing	_	_	_	@pmk1959m-words#@pmk1959m#450.85#451.2
682	Бадалян	Бадалян	PROPN	_	Animacy=Anim|Case=Nom|Gender=Masc|Number=Sing	_	_	_	@pmk1959m-words#@pmk1959m#451.2#451.55
683	и	и	CCONJ	_	_	_	_	_	@pmk1959m-words#@pmk1959m#452.5#452.993
684	Эдуард	Эдуард	PROPN	_	Animacy=Anim|Case=Nom|Gender=Masc|Number=Sing	_	_	_	@pmk1959m-words#@pmk1959m#452.993#453.486
685	Ахметшин	Ахметшин	PROPN	_	Animacy=Anim|Case=Nom|Gender=Masc|Number=Sing	_	_	_	@pmk1959m-words#@pmk1959m#453.486#453.98
686	да	да	CCONJ	_	_	_	_	_	@pmk1959m-words#@pmk1959m#455.1#455.55
687	блестяще	блестяще	ADV	_	_	_	_	_	@pmk1959m-words#@pmk1959m#455.55#456.0
688	их	они	PRON	_	Case=Gen|Number=Plur|Person=3	_	_	_	@pmk1959m-words#@pmk1959m#457.4#457.65
689	две	два	NUM	_	Animacy=Inan|Case=Nom|Gender=Fem	_	_	_	@pmk1959m-words#@pmk1959m#457.65#457.9
690	/	/	PUNCT	_	_	_	_	_	@pmk1959m-words#@pmk1959m#457.9#458.15
691	их	она	PRON	_	Case=Acc|Number=Plur|Person=3	_	_	_	@pmk1959m-words#@pmk1959m#458.15#458.4
692	две	два	NUM	_	Animacy=Inan|Case=Nom|Gender=Fem	_	_	_	@pmk1959m-words#@pmk1959m#458.4#458.65
693	Кармен	Кармен	PROPN	_	Animacy=Anim|Case=Nom|Gender=Masc|Number=Sing	_	_	_	@pmk1959m-words#@pmk1959m#463.545#464.0
694	угу	угу	INTJ	_	_	_	_	_	@iad1983m-words#@iad1983m#202.34#202.96
695	собственно	собственно	ADV	_	_	_	_	_	@iad1983m-words#@iad1983m#203.28#203.6
696	опера	опера	NOUN	_	Animacy=Inan|Case=Gen|Gender=Fem|Number=Sing	_	_	_	@iad1983m-words#@iad1983m#203.6#203.92
697	из	из	ADP	_	_	_	_	_	@iad1983m-words#@iad1983m#203.92#204.24
698	этого	это	PRON	_	Animacy=Inan|Case=Gen|Gender=Neut|Number=Sing	_	_	_	@iad1983m-words#@iad1983m#204.24#204.56
699	родилась	родитьсЯ	VERB	_	Aspect=Perf|Gender=Fem|Mood=Ind|Number=Sing|Tense=Past|VerbForm=Fin|Voice=Mid	_	_	_	@iad1983m-words#@iad1983m#204.56#204.88
700	да	да	INTJ	_	_	_	_	_	@iad1983m-words#@iad1983m#205.04#205.306
701	/	/	PUNCT	_	_	_	_	_	@iad1983m-words#@iad1983m#205.306#205.572
702	мы	мы	PRON	_	Case=Nom|Number=Plur|Person=1	_	_	_	@iad1983m-words#@iad1983m#205.572#205.838
703	знаем	знать	VERB	_	Aspect=Imp|Mood=Ind|Number=Plur|Person=1|Tense=Pres|VerbForm=Fin|Voice=Act	_	_	_	@iad1983m-words#@iad1983m#205.838#206.104
704	как	как	SCONJ	_	_	_	_	_	@iad1983m-words#@iad1983m#206.104#206.37
705	во	в	ADP	_	_	_	_	_	@iad1983m-words#@iad1983m#206.37#206.636
706	Франции	Франция	PROPN	_	Animacy=Inan|Case=Loc|Gender=Fem|Number=Sing	_	_	_	@iad1983m-words#@iad1983m#206.636#206.902
707	в общем-то	в общем-то	ADV	_	_	_	_	_	@iad1983m-words#@iad1983m#206.902#207.168
708	пришла	прийти	VERB	_	Aspect=Perf|Gender=Fem|Mood=Ind|Number=Sing|Tense=Past|VerbForm=Fin|Voice=Act	_	_	_	@iad1983m-words#@iad1983m#207.434#207.7
709	из	из	ADP	_	_	_	_	_	@iad1983m-words#@iad1983m#207.7#207.966
710	балета	балет	NOUN	_	Animacy=Inan|Case=Gen|Gender=Masc|Number=Sing	_	_	_	@iad1983m-words#@iad1983m#207.966#208.232
711	[нрзб]	[нрзб]	X	_	_	_	_	_	@iad1983m-words#@iad1983m#208.232#208.51
712	как	как	SCONJ	_	_	_	_	_	@iad1983m-words#@iad1983m#209.2#209.54
713	ээ	ээ	INTJ	_	_	_	_	_	@iad1983m-words#@iad1983m#209.85#210.35
714	постепенно	постепенно	ADV	_	_	_	_	_	@iad1983m-words#@iad1983m#211.0#211.39
715	она	она	PRON	_	Case=Nom|Gender=Fem|Number=Sing|Person=3	_	_	_	@iad1983m-words#@iad1983m#211.39#211.78
716	обрастала	обрастать	VERB	_	Aspect=Perf|Gender=Fem|Mood=Ind|Number=Sing|Tense=Past|VerbForm=Fin|Voice=Act	_	_	_	@iad1983m-words#@iad1983m#211.78#212.17
717	новыми	новый	ADJ	_	Case=Ins|Degree=Pos|Number=Plur	_	_	_	@iad1983m-words#@iad1983m#212.17#212.56
718	/	/	PUNCT	_	_	_	_	_	@iad1983m-words#@iad1983m#212.56#212.95
719	или	или	CCONJ	_	_	_	_	_	@iad1983m-words#@iad1983m#212.95#213.34
720	наоборот	наоборот	ADV	_	_	_	_	_	@iad1983m-words#@iad1983m#213.34#213.73
721	/	/	PUNCT	_	_	_	_	_	@iad1983m-words#@iad1983m#213.73#214.12
722	как	как	SCONJ	_	_	_	_	_	@iad1983m-words#@iad1983m#214.12#214.51
723	уходило	уходить	VERB	_	Aspect=Imp|Gender=Neut|Mood=Ind|Number=Sing|Tense=Past|VerbForm=Fin|Voice=Act	_	_	_	@iad1983m-words#@iad1983m#214.51#214.9
724	из	из	ADP	_	_	_	_	_	@iad1983m-words#@iad1983m#214.9#215.29
725	неё	она	PRON	_	Case=Gen|Number=Sing|Person=3	_	_	_	@iad1983m-words#@iad1983m#215.29#215.68
726	больше	больше	ADV	_	Degree=Cmp	_	_	_	@iad1983m-words#@iad1983m#215.68#216.07
727	драматическое	драматический	ADJ	_	Case=Nom|Degree=Pos|Gender=Neut|Number=Sing	_	_	_	@iad1983m-words#@iad1983m#216.07#216.46
728	да	да	INTJ	_	_	_	_	_	@iad1983m-words#@iad1983m#216.46#216.85
729	часть	часть	NOUN	_	Animacy=Inan|Case=Acc|Gender=Fem|Number=Sing	_	_	_	@iad1983m-words#@iad1983m#216.85#217.24
730	там	там	ADV	_	_	_	_	_	@iad1983m-words#@iad1983m#217.24#217.63
731	речетативы	речетатив	NOUN	_	Animacy=Inan|Case=Nom|Gender=Masc|Number=Plur	_	_	_	@iad1983m-words#@iad1983m#217.63#218.02
732	попостепенно	постепенно	ADV	_	_	_	_	_	@iad1983m-words#@iad1983m#218.02#218.41
733	уходили	уходить	VERB	_	Aspect=Imp|Mood=Ind|Number=Plur|Tense=Past|VerbForm=Fin|Voice=Act	_	_	_	@iad1983m-words#@iad1983m#218.41#218.8
734	потому что	потому что	ADV	_	_	_	_	_	@iad1983m-words#@iad1983m#243.61#243.924
735	время	время	NOUN	_	Animacy=Inan|Case=Nom|Gender=Neut|Number=Sing	_	_	_	@iad1983m-words#@iad1983m#244.238#244.552
736	такое	такой	DET	_	Case=Nom|Gender=Neut|Number=Sing	_	_	_	@iad1983m-words#@iad1983m#244.552#244.866
737	разумеется	разумеется	ADV	_	_s	_	_	_	@iad1983m-words#@iad1983m#244.866#245.18
738	но	но	CCONJ	_	_	_	_	_	@iad1983m-words#@iad1983m#245.18#245.494
739	/	/	PUNCT	_	_	_	_	_	@iad1983m-words#@iad1983m#245.494#245.808
740	создавая	создавать	VERB	_	Aspect=Imp|Tense=Pres|VerbForm=Conv|Voice=Act	_	_	_	@iad1983m-words#@iad1983m#245.808#246.122
741	то	тот	PRON	_	Animacy=Inan|Case=Acc|Gender=Neut|Number=Sing	_	_	_	@iad1983m-words#@iad1983m#246.122#246.436
742	или	или	CCONJ	_	_	_	_	_	@iad1983m-words#@iad1983m#246.436#246.75
743	иное	иной	ADJ	_	Case=Acc|Degree=Pos|Gender=Neut|Number=Sing	_	_	_	@iad1983m-words#@iad1983m#246.75#247.064
744	произведение	произведение	NOUN	_	Animacy=Inan|Case=Acc|Gender=Neut|Number=Sing	_	_	_	@iad1983m-words#@iad1983m#247.064#247.378
745	я	я	PRON	_	Case=Nom|Number=Sing|Person=1	_	_	_	@iad1983m-words#@iad1983m#247.378#247.692
746	/	/	PUNCT	_	_	_	_	_	@iad1983m-words#@iad1983m#247.692#248.006
747	не	не	PART	_	_	_	_	_	@iad1983m-words#@iad1983m#248.006#248.32
748	задаюсь	задаваться	VERB	_	Aspect=Imp|Mood=Ind|Number=Sing|Person=1|Tense=Pres|VerbForm=Fin|Voice=Mid	_	_	_	@iad1983m-words#@iad1983m#248.32#248.634
749	так сказать	так сказать	ADV	_	_	_	_	_	@iad1983m-words#@iad1983m#248.634#248.948
750	/	/	PUNCT	_	_	_	_	_	@iad1983m-words#@iad1983m#249.262#249.576
751	мм	мм	INTJ	_	_	_	_	_	@iad1983m-words#@iad1983m#249.576#249.9
752	не	не	PART	_	_	_	_	_	@iad1983m-words#@iad1983m#250.57#250.893
753	оцениваю	оценивать	VERB	_	Aspect=Imp|Mood=Ind|Number=Sing|Person=1|Tense=Pres|VerbForm=Fin|Voice=Act	_	_	_	@iad1983m-words#@iad1983m#250.893#251.216
754	результат	результат	NOUN	_	Animacy=Inan|Case=Acc|Gender=Masc|Number=Sing	_	_	_	@iad1983m-words#@iad1983m#251.216#251.539
755	/	/	PUNCT	_	_	_	_	_	@iad1983m-words#@iad1983m#251.539#251.862
756	какую	какой	DET	_	Case=Acc|Gender=Fem|Number=Sing	_	_	_	@iad1983m-words#@iad1983m#251.862#252.185
757	форму	форма	NOUN	_	Animacy=Inan|Case=Acc|Gender=Fem|Number=Sing	_	_	_	@iad1983m-words#@iad1983m#252.185#252.508
758	/	/	PUNCT	_	_	_	_	_	@iad1983m-words#@iad1983m#252.508#252.831
759	спектакль	спектакль	NOUN	_	Animacy=Inan|Case=Acc|Gender=Masc|Number=Sing	_	_	_	@iad1983m-words#@iad1983m#252.831#253.154
760	примет	принЯть	VERB	_	Aspect=Perf|Mood=Ind|Number=Sing|Person=3|Tense=Fut|VerbForm=Fin|Voice=Act	_	_	_	@iad1983m-words#@iad1983m#253.154#253.477
761	/	/	PUNCT	_	_	_	_	_	@iad1983m-words#@iad1983m#253.477#253.8
762	когда	когда	SCONJ	_	_	_	_	_	@iad1983m-words#@iad1983m#253.8#254.123
763	он	он	PRON	_	Case=Nom|Gender=Masc|Number=Sing|Person=3	_	_	_	@iad1983m-words#@iad1983m#254.123#254.446
764	уже	уже	ADV	_	Degree=Pos	_	_	_	@iad1983m-words#@iad1983m#254.446#254.769
765	будет	быть	AUX	_	Aspect=Imp|Mood=Ind|Number=Sing|Person=3|Tense=Pres|VerbForm=Fin|Voice=Act	_	_	_	@iad1983m-words#@iad1983m#254.769#255.092
766	закончен	закончить	VERB	_	Aspect=Perf|Gender=Masc|Number=Sing|Tense=Past|Variant=Short|VerbForm=Part|Voice=Pass	_	_	_	@iad1983m-words#@iad1983m#255.092#255.415
767	да	да	INTJ	_	_	_	_	_	@iad1983m-words#@iad1983m#255.415#255.738
768	и	и	CCONJ	_	_	_	_	_	@iad1983m-words#@iad1983m#255.738#256.061
769	так	так	ADV	_	_	_	_	_	@iad1983m-words#@iad1983m#256.061#256.384
770	же	же	PART	_	_	_	_	_	@iad1983m-words#@iad1983m#256.384#256.707
771	создавая	создавать	VERB	_	Aspect=Imp|Tense=Pres|VerbForm=Conv|Voice=Act	_	_	_	@iad1983m-words#@iad1983m#256.707#257.03
772	того	тот	DET	_	Case=Acc|Gender=Masc|Number=Sing	_	_	_	@iad1983m-words#@iad1983m#257.03#257.353
773	же	же	PART	_	_	_	_	_	@iad1983m-words#@iad1983m#257.353#257.676
774	Нуриева	Нуриев	PROPN	_	Animacy=Anim|Case=Acc|Gender=Masc|Number=Sing	_	_	_	@iad1983m-words#@iad1983m#257.676#258.02
775	то есть	то есть	ADV	_	_	_	_	_	@iad1983m-words#@iad1983m#258.55#258.875
776	это	это	PRON	_	_	_	_	_	@iad1983m-words#@iad1983m#259.2#259.525
777	наверно	наверно	ADV	_	_	_	_	_	@iad1983m-words#@iad1983m#259.525#259.85
778	/	/	PUNCT	_	_	_	_	_	@iad1983m-words#@iad1983m#259.85#260.175
779	в	в	ADP	_	_	_	_	_	@iad1983m-words#@iad1983m#260.175#260.5
780	большей	большой	ADJ	_	Case=Loc|Degree=Pos|Gender=Fem|Number=Sing	_	_	_	@iad1983m-words#@iad1983m#260.5#260.825
781	степени	степень	NOUN	_	Animacy=Inan|Case=Loc|Gender=Fem|Number=Sing	_	_	_	@iad1983m-words#@iad1983m#260.825#261.15
782	заслуга	заслуга	NOUN	_	Animacy=Inan|Case=Nom|Gender=Fem|Number=Sing	_	_	_	@iad1983m-words#@iad1983m#261.15#261.475
783	моих	мой	DET	_	Case=Gen|Number=Plur	_	_	_	@iad1983m-words#@iad1983m#261.475#261.8
784	соавторов	соавтор	NOUN	_	Animacy=Anim|Case=Gen|Gender=Masc|Number=Plur	_	_	_	@iad1983m-words#@iad1983m#261.8#262.125
785	и	и	CCONJ	_	_	_	_	_	@iad1983m-words#@iad1983m#262.125#262.45
786	Кирилла	Кирилл	PROPN	_	Animacy=Anim|Case=Gen|Gender=Masc|Number=Sing	_	_	_	@iad1983m-words#@iad1983m#262.45#262.775
787	Серебряникова	Серебрянников	PROPN	_	Animacy=Anim|Case=Gen|Gender=Masc|Number=Sing	_	_	_	@iad1983m-words#@iad1983m#262.775#263.1
788	и	и	CCONJ	_	_	_	_	_	@iad1983m-words#@iad1983m#263.1#263.425
789	Юры	Юра	PROPN	_	Animacy=Anim|Case=Gen|Gender=Masc|Number=Sing	_	_	_	@iad1983m-words#@iad1983m#263.425#263.75
790	Посохова	Посохов	PROPN	_	Animacy=Anim|Case=Gen|Gender=Masc|Number=Sing	_	_	_	@iad1983m-words#@iad1983m#263.75#264.08
791	что	что	SCONJ	_	_	_	_	_	@iad1983m-words#@iad1983m#264.775#265.115
792	они	они	PRON	_	Case=Nom|Number=Plur|Person=3	_	_	_	@iad1983m-words#@iad1983m#265.115#265.455
793	/	/	PUNCT	_	_	_	_	_	@iad1983m-words#@iad1983m#265.455#265.795
794	балет	балет	VERB	_	Aspect=Imp|Mood=Ind|Number=Sing|Person=3|Tense=Pres|VerbForm=Fin|Voice=Act	_	_	_	@iad1983m-words#@iad1983m#265.795#266.135
795	который	который	PRON	_	Case=Acc	_	_	_	@iad1983m-words#@iad1983m#266.135#266.475
796	я	я	PRON	_	Case=Nom|Number=Sing|Person=1	_	_	_	@iad1983m-words#@iad1983m#266.475#266.815
797	писал	писать	VERB	_	Aspect=Imp|Gender=Masc|Mood=Ind|Number=Sing|Tense=Past|VerbForm=Fin|Voice=Act	_	_	_	@iad1983m-words#@iad1983m#266.815#267.155
798	/	/	PUNCT	_	_	_	_	_	@iad1983m-words#@iad1983m#267.155#267.495
799	потому что	потому что	ADV	_	Degree=Pos	_	_	_	@iad1983m-words#@iad1983m#267.495#267.835
800	я	я	PRON	_	Case=Nom|Number=Sing|Person=1	_	_	_	@iad1983m-words#@iad1983m#268.175#268.515
801	композитор	композитор	NOUN	_	Animacy=Anim|Case=Nom|Gender=Masc|Number=Sing	_	_	_	@iad1983m-words#@iad1983m#268.515#268.855
802	я	я	PRON	_	Case=Nom|Number=Sing|Person=1	_	_	_	@iad1983m-words#@iad1983m#268.855#269.195
803	отвечаю	отвечать	VERB	_	Aspect=Imp|Mood=Ind|Number=Sing|Person=1|Tense=Pres|VerbForm=Fin|Voice=Act	_	_	_	@iad1983m-words#@iad1983m#269.195#269.535
804	исключительно	исключительно	ADV	_	Degree=Pos	_	_	_	@iad1983m-words#@iad1983m#269.535#269.875
805	за	за	ADP	_	_	_	_	_	@iad1983m-words#@iad1983m#269.875#270.215
806	музыку	музыка	NOUN	_	Animacy=Inan|Case=Acc|Gender=Fem|Number=Sing	_	_	_	@iad1983m-words#@iad1983m#270.215#270.555
807	/	/	PUNCT	_	_	_	_	_	@iad1983m-words#@iad1983m#270.555#270.895
808	и	и	CCONJ	_	_	_	_	_	@iad1983m-words#@iad1983m#270.895#271.235
809	отталкиваюсь	отталкиваться	VERB	_	Aspect=Imp|Mood=Ind|Number=Sing|Person=1|Tense=Pres|VerbForm=Fin|Voice=Mid	_	_	_	@iad1983m-words#@iad1983m#271.235#271.575
810	исключительно	исключительно	ADV	_	Degree=Pos	_	_	_	@iad1983m-words#@iad1983m#271.575#271.915
811	от	от	ADP	_	_	_	_	_	@iad1983m-words#@iad1983m#271.915#272.255
812	либретто	либретто	NOUN	_	Animacy=Inan|Case=Acc|Gender=Neut|Number=Sing	_	_	_	@iad1983m-words#@iad1983m#272.255#272.595
813	от	от	ADP	_	_	_	_	_	@iad1983m-words#@iad1983m#272.595#272.935
814	/	/	PUNCT	_	_	_	_	_	@iad1983m-words#@iad1983m#272.935#273.275
815	там	там	ADV	_	_	_	_	_	@iad1983m-words#@iad1983m#273.275#273.615
816	/	/	PUNCT	_	_	_	_	_	@iad1983m-words#@iad1983m#273.615#273.955
817	пытаюсь	пытаться	VERB	_	Aspect=Imp|Mood=Ind|Number=Sing|Person=1|Tense=Pres|VerbForm=Fin|Voice=Mid	_	_	_	@iad1983m-words#@iad1983m#273.955#274.295
818	передать	передать	VERB	_	Aspect=Perf|VerbForm=Inf|Voice=Act	_	_	_	@iad1983m-words#@iad1983m#274.295#274.635
819	сюжет	сюжет	NOUN	_	Animacy=Inan|Case=Acc|Gender=Masc|Number=Sing	_	_	_	@iad1983m-words#@iad1983m#274.635#274.975
820	и	и	CCONJ	_	_	_	_	_	@iad1983m-words#@iad1983m#274.975#275.315
821	так	так	ADV	_	_	_	_	_	@iad1983m-words#@iad1983m#275.315#275.655
822	далее	далее	ADV	_	_	_	_	_	@iad1983m-words#@iad1983m#275.655#275.995
823	/	/	PUNCT	_	_	_	_	_	@iad1983m-words#@iad1983m#275.995#276.335
824	но	но	CCONJ	_	_	_	_	_	@iad1983m-words#@iad1983m#276.335#276.675
825	/	/	PUNCT	_	_	_	_	_	@iad1983m-words#@iad1983m#276.675#277.015
826	какую	какой	DET	_	Case=Acc|Gender=Fem|Number=Sing	_	_	_	@iad1983m-words#@iad1983m#277.015#277.355
827	форму	форма	NOUN	_	Animacy=Inan|Case=Acc|Gender=Fem|Number=Sing	_	_	_	@iad1983m-words#@iad1983m#277.355#277.695
828	/	/	PUNCT	_	_	_	_	_	@iad1983m-words#@iad1983m#277.695#278.035
829	произведение	произведение	NOUN	_	Animacy=Inan|Case=Acc|Gender=Neut|Number=Sing	_	_	_	@iad1983m-words#@iad1983m#278.035#278.375
830	примет	принЯть	VERB	_	Aspect=Perf|Mood=Ind|Number=Sing|Person=3|Tense=Fut|VerbForm=Fin|Voice=Act	_	_	_	@iad1983m-words#@iad1983m#278.375#278.715
831	окончательно	окончательно	ADV	_	Degree=Pos	_	_	_	@iad1983m-words#@iad1983m#278.715#279.055
832	/	/	PUNCT	_	_	_	_	_	@iad1983m-words#@iad1983m#279.055#279.395
833	на	на	ADP	_	_	_	_	_	@iad1983m-words#@iad1983m#279.395#279.735
834	сцене	сцена	NOUN	_	Animacy=Inan|Case=Loc|Gender=Fem|Number=Sing	_	_	_	@iad1983m-words#@iad1983m#279.735#280.1
835	это	это	PRON	_	_	_	_	_	@iad1983m-words#@iad1983m#281.0#281.465
836	уже	уже	ADV	_	_	_	_	_	@iad1983m-words#@iad1983m#281.465#281.93
837	/	/	PUNCT	_	_	_	_	_	@iad1983m-words#@iad1983m#281.93#282.395
838	не	не	PART	_	_	_	_	_	@iad1983m-words#@iad1983m#282.395#282.86
839	/	/	PUNCT	_	_	_	_	_	@iad1983m-words#@iad1983m#282.86#283.325
840	композиторская	композиторский	ADJ	_	Case=Nom|Degree=Pos|Gender=Fem|Number=Sing	_	_	_	@iad1983m-words#@iad1983m#283.325#283.79
841	наверно	наверно	ADV	_	Degree=Pos	_	_	_	@iad1983m-words#@iad1983m#283.79#284.255
842	территория	территория	NOUN	_	Animacy=Inan|Case=Nom|Gender=Fem|Number=Sing	_	_	_	@iad1983m-words#@iad1983m#284.255#284.72
843	тут	тут	ADV	_	_	_	_	_	@iad1983m-words#@iad1983m#285.15#285.473
844	наверно	наверно	ADV	_	_	_	_	_	@iad1983m-words#@iad1983m#285.473#285.796
845	интереснее	интересно	ADJ	_	Degree=Cmp	_	_	_	@iad1983m-words#@iad1983m#285.796#286.119
846	от	от	ADP	_	_	_	_	_	@iad1983m-words#@iad1983m#286.119#286.442
847	Павла	Павел	PROPN	_	Animacy=Anim|Case=Gen|Gender=Masc|Number=Sing	_	_	_	@iad1983m-words#@iad1983m#286.442#286.765
848	услышать	слышать	VERB	_	Aspect=Perf|VerbForm=Inf|Voice=Act	_	_	_	@iad1983m-words#@iad1983m#286.765#287.09
849	разумеется	разумеется	ADV	_	_	_	_	_	@iad1983m-words#@iad1983m#290.06#290.384
850	/	/	PUNCT	_	_	_	_	_	@iad1983m-words#@iad1983m#290.384#290.708
851	да	да	INTJ	_	_	_	_	_	@iad1983m-words#@iad1983m#290.708#291.032
852	/	/	PUNCT	_	_	_	_	_	@iad1983m-words#@iad1983m#291.032#291.356
853	да	да	INTJ	_	_	_	_	_	@iad1983m-words#@iad1983m#291.356#291.68
854	да	да	INTJ	_	_	_	_	_	@iad1983m-words#@iad1983m#298.12#298.33
855	уже	уже	ADV	_	_	_	_	_	@iad1983m-words#@iad1983m#300.27#300.671
856	внедрение	внедрение	NOUN	_	Animacy=Inan|Case=Nom|Gender=Neut|Number=Sing	_	_	_	@iad1983m-words#@iad1983m#300.671#301.072
857	другой	другой	ADJ	_	Case=Gen|Degree=Pos|Gender=Fem|Number=Sing	_	_	_	@iad1983m-words#@iad1983m#301.072#301.473
858	формы	форма	NOUN	_	Animacy=Inan|Case=Gen|Gender=Fem|Number=Sing	_	_	_	@iad1983m-words#@iad1983m#301.473#301.874
859	на	на	ADP	_	_	_	_	_	@iad1983m-words#@iad1983m#301.874#302.275
860	территорию	территория	NOUN	_	Animacy=Inan|Case=Acc|Gender=Fem|Number=Sing	_	_	_	@iad1983m-words#@iad1983m#302.275#302.676
861	балета	балет	NOUN	_	Animacy=Inan|Case=Gen|Gender=Masc|Number=Sing	_	_	_	@iad1983m-words#@iad1983m#302.676#303.077
862	да	да	INTJ	_	_	_	_	_	@iad1983m-words#@iad1983m#303.077#303.48
863	конечно	конечно	ADV	_	_	_	_	_	@iad1983m-words#@iad1983m#304.17#304.5
864	да	да	INTJ	_	_	_	_	_	@iad1983m-words#@iad1983m#310.62#311.007
865	потому что	потому что	ADV	_	_	_	_	_	@iad1983m-words#@iad1983m#311.007#311.394
866	я	я	PRON	_	Case=Nom|Number=Sing|Person=1	_	_	_	@iad1983m-words#@iad1983m#311.781#312.17
867	поддерживал	поддерживать	VERB	_	Aspect=Imp|Gender=Masc|Mood=Ind|Number=Sing|Tense=Past|VerbForm=Fin|Voice=Act	_	_	_	@iad1983m-words#@iad1983m#312.93#313.338
868	эмоцию	эмоция	NOUN	_	Animacy=Inan|Case=Acc|Gender=Fem|Number=Sing	_	_	_	@iad1983m-words#@iad1983m#313.338#313.746
869	там	там	ADV	_	_	_	_	_	@iad1983m-words#@iad1983m#313.746#314.154
870	и	и	CCONJ	_	_	_	_	_	@iad1983m-words#@iad1983m#314.154#314.562
871	зачастую	зачастую	ADV	_	_	_	_	_	@iad1983m-words#@iad1983m#314.562#314.97
872	текст	текст	NOUN	_	Animacy=Inan|Case=Nom|Gender=Masc|Number=Sing	_	_	_	@iad1983m-words#@iad1983m#314.97#315.378
873	звучит	звучать	VERB	_	Aspect=Imp|Mood=Ind|Number=Sing|Person=3|Tense=Pres|VerbForm=Fin|Voice=Act	_	_	_	@iad1983m-words#@iad1983m#315.378#315.786
874	одновременно	одновременно	ADV	_	_	_	_	_	@iad1983m-words#@iad1983m#315.786#316.194
875	с	с	ADP	_	_	_	_	_	@iad1983m-words#@iad1983m#316.194#316.602
876	музыкой	музыка	NOUN	_	Animacy=Inan|Case=Ins|Gender=Fem|Number=Sing	_	_	_	@iad1983m-words#@iad1983m#316.602#317.01