1	я	я	PRON	_	Case=Nom|Number=Sing|Person=1	_	_	_	@pnn1971m-words#@pnn1971m#54.8#55.177
2	вот	вот	PART	_	_	_	_	_	@pnn1971m-words#@pnn1971m#55.177#55.554
3	щас	щы	VERB	_	Aspect=Perf|Gender=Masc|Mood=Ind|Number=Sing|Tense=Past|VerbForm=Fin|Voice=Act	_	_	_	@pnn1971m-words#@pnn1971m#55.554#55.931
4	в	в	ADP	_	_	_	_	_	@pnn1971m-words#@pnn1971m#55.931#56.308
5	руке	рука	NOUN	_	Animacy=Inan|Case=Loc|Gender=Fem|Number=Sing	_	_	_	@pnn1971m-words#@pnn1971m#56.308#56.685
6	держу	держать	NOUN	_	Animacy=Inan|Case=Acc|Gender=Fem|Number=Sing	_	_	_	@pnn1971m-words#@pnn1971m#56.685#57.062
7	карабин	карабин	NOUN	_	Animacy=Inan|Case=Gen|Gender=Fem|Number=Plur	_	_	_	@pnn1971m-words#@pnn1971m#57.062#57.439
8	ROSSI	ROSSI	PROPN	_	Foreign=Yes	_	_	_	@pnn1971m-words#@pnn1971m#57.439#57.816
9	92	92	NUM	_	_	_	_	_	@pnn1971m-words#@pnn1971m#57.816#58.2
10	исключительно	исключительно	ADV	_	Degree=Pos	_	_	_	@pnn1971m-words#@pnn1971m#63.8#64.283
11	за	за	ADP	_	_	_	_	_	@pnn1971m-words#@pnn1971m#64.283#64.766
12	счет	счет	NOUN	_	Animacy=Inan|Case=Acc|Gender=Masc|Number=Sing	_	_	_	@pnn1971m-words#@pnn1971m#64.766#65.249
13	использования	использование	NOUN	_	Animacy=Inan|Case=Gen|Gender=Neut|Number=Sing	_	_	_	@pnn1971m-words#@pnn1971m#65.249#65.732
14	револьверных	револьверный	ADJ	_	Case=Gen|Degree=Pos|Number=Plur	_	_	_	@pnn1971m-words#@pnn1971m#65.732#66.215
15	боеприпасов	боеприпас	NOUN	_	Animacy=Inan|Case=Gen|Gender=Masc|Number=Plur	_	_	_	@pnn1971m-words#@pnn1971m#66.215#66.7
16	то	то	PRON	_	Animacy=Inan|Case=Nom|Gender=Neut|Number=Sing	_	_	_	@pnn1971m-words#@pnn1971m#67.9#68.194
17	есть	быть	VERB	_	Aspect=Imp|Mood=Ind|Number=Sing|Person=3|Tense=Pres|VerbForm=Fin|Voice=Act	_	_	_	@pnn1971m-words#@pnn1971m#68.194#68.488
18	те	тот	DET	_	Case=Nom|Number=Plur	_	_	_	@pnn1971m-words#@pnn1971m#68.488#68.782
19	боеприпасы	боеприпас	NOUN	_	Animacy=Inan|Case=Nom|Gender=Masc|Number=Plur	_	_	_	@pnn1971m-words#@pnn1971m#68.782#69.076
20	/	/	PUNCT	_	_	_	_	_	@pnn1971m-words#@pnn1971m#69.076#69.37
21	которые	который	PRON	_	Case=Nom	_	_	_	@pnn1971m-words#@pnn1971m#69.37#69.664
22	используются	использовать	VERB	_	Aspect=Imp|Mood=Ind|Number=Plur|Person=3|Tense=Pres|VerbForm=Fin|Voice=Pass	_	_	_	@pnn1971m-words#@pnn1971m#69.664#69.958
23	в	в	ADP	_	_	_	_	_	@pnn1971m-words#@pnn1971m#69.958#70.252
24	короткоствольном	короткоствольный	ADJ	_	Case=Loc|Degree=Pos|Gender=Neut|Number=Sing	_	_	_	@pnn1971m-words#@pnn1971m#70.252#70.546
25	оружии	оружие	NOUN	_	Animacy=Inan|Case=Loc|Gender=Neut|Number=Sing	_	_	_	@pnn1971m-words#@pnn1971m#70.546#70.84
26	/	/	PUNCT	_	_	_	_	_	@pnn1971m-words#@pnn1971m#70.84#71.134
27	в	в	ADP	_	_	_	_	_	@pnn1971m-words#@pnn1971m#71.134#71.428
28	револьверах	револьвер	NOUN	_	Animacy=Inan|Case=Loc|Gender=Masc|Number=Plur	_	_	_	@pnn1971m-words#@pnn1971m#71.428#71.722
29	/	/	PUNCT	_	_	_	_	_	@pnn1971m-words#@pnn1971m#71.722#72.016
30	применяются	применяться	VERB	_	Aspect=Imp|Mood=Ind|Number=Plur|Person=3|Tense=Pres|VerbForm=Fin|Voice=Pass	_	_	_	@pnn1971m-words#@pnn1971m#72.016#72.31
31	и	и	PART	_	_	_	_	_	@pnn1971m-words#@pnn1971m#72.31#72.604
32	в	в	ADP	_	_	_	_	_	@pnn1971m-words#@pnn1971m#72.604#72.898
33	карабине	карабина	NOUN	_	Animacy=Inan|Case=Loc|Gender=Fem|Number=Sing	_	_	_	@pnn1971m-words#@pnn1971m#72.898#73.2
34	если	если	SCONJ	_	_	_	_	_	@pnn1971m-words#@pnn1971m#83.0#83.318
35	стреляли	стрелять	VERB	_	Aspect=Imp|Mood=Ind|Number=Plur|Tense=Past|VerbForm=Fin|Voice=Act	_	_	_	@pnn1971m-words#@pnn1971m#83.318#83.636
36	из	из	ADP	_	_	_	_	_	@pnn1971m-words#@pnn1971m#83.636#83.954
37	мощных	мощный	ADJ	_	Case=Gen|Degree=Pos|Number=Plur	_	_	_	@pnn1971m-words#@pnn1971m#83.954#84.272
38	револьверов	револьвер	NOUN	_	Animacy=Inan|Case=Gen|Gender=Masc|Number=Plur	_	_	_	@pnn1971m-words#@pnn1971m#84.272#84.59
39	/	/	PUNCT	_	_	_	_	_	@pnn1971m-words#@pnn1971m#84.59#84.908
40	то	то	SCONJ	_	_	_	_	_	@pnn1971m-words#@pnn1971m#84.908#85.226
41	наверное	наверное	ADV	_	Degree=Pos	_	_	_	@pnn1971m-words#@pnn1971m#85.226#85.544
42	помните	помнить	VERB	_	Aspect=Imp|Mood=Ind|Number=Plur|Person=2|Tense=Pres|VerbForm=Fin|Voice=Act	_	_	_	@pnn1971m-words#@pnn1971m#85.544#85.862
43	/	/	PUNCT	_	_	_	_	_	@pnn1971m-words#@pnn1971m#85.862#86.18
44	какая	какой	DET	_	Case=Nom|Gender=Fem|Number=Sing	_	_	_	@pnn1971m-words#@pnn1971m#86.18#86.498
45	там	там	ADV	_	Degree=Pos	_	_	_	@pnn1971m-words#@pnn1971m#86.498#86.816
46	отдача	отдача	NOUN	_	Animacy=Inan|Case=Nom|Gender=Fem|Number=Sing	_	_	_	@pnn1971m-words#@pnn1971m#86.816#87.134
47	/	/	PUNCT	_	_	_	_	_	@pnn1971m-words#@pnn1971m#87.134#87.452
48	то	то	PRON	_	Animacy=Inan|Case=Nom|Gender=Neut|Number=Sing	_	_	_	@pnn1971m-words#@pnn1971m#87.452#87.77
49	есть	быть	VERB	_	Aspect=Imp|Mood=Ind|Number=Sing|Person=3|Tense=Pres|VerbForm=Fin|Voice=Act	_	_	_	@pnn1971m-words#@pnn1971m#87.77#88.088
50	приходится	приходиться	VERB	_	Aspect=Imp|Mood=Ind|Number=Sing|Person=3|Tense=Pres|VerbForm=Fin|Voice=Mid	_	_	_	@pnn1971m-words#@pnn1971m#88.088#88.406
51	заново	заново	ADV	_	Degree=Pos	_	_	_	@pnn1971m-words#@pnn1971m#88.406#88.724
52	наводить	наводить	VERB	_	Aspect=Imp|VerbForm=Inf|Voice=Act	_	_	_	@pnn1971m-words#@pnn1971m#88.724#89.042
53	оружие	оружие	NOUN	_	Animacy=Inan|Case=Acc|Gender=Neut|Number=Sing	_	_	_	@pnn1971m-words#@pnn1971m#89.042#89.36
54	на	на	ADP	_	_	_	_	_	@pnn1971m-words#@pnn1971m#89.36#89.678
55	цель	цель	NOUN	_	Animacy=Inan|Case=Acc|Gender=Fem|Number=Sing	_	_	_	@pnn1971m-words#@pnn1971m#89.678#90.0
56	ээ	ээ	NOUN	_	Animacy=Inan|Case=Gen|Gender=Fem|Number=Sing	_	_	_	@pnn1971m-words#@pnn1971m#90.5#90.869
57	/	/	PUNCT	_	_	_	_	_	@pnn1971m-words#@pnn1971m#90.869#91.238
58	поскольку	поскольку	SCONJ	_	_	_	_	_	@pnn1971m-words#@pnn1971m#91.238#91.607
59	данный	данный	ADJ	_	Case=Nom|Degree=Pos|Gender=Masc|Number=Sing	_	_	_	@pnn1971m-words#@pnn1971m#91.607#91.976
60	карабин	карабин	NOUN	_	Animacy=Anim|Case=Nom|Gender=Masc|Number=Sing	_	_	_	@pnn1971m-words#@pnn1971m#91.976#92.345
61	весит	весить	VERB	_	Aspect=Imp|Mood=Ind|Number=Sing|Person=3|Tense=Pres|VerbForm=Fin|Voice=Act	_	_	_	@pnn1971m-words#@pnn1971m#92.345#92.714
62	2	2	NUM	_	_	_	_	_	@pnn1971m-words#@pnn1971m#92.714#93.083
63	килограмма	килограмм	NOUN	_	Animacy=Inan|Case=Gen|Gender=Masc|Number=Sing	_	_	_	@pnn1971m-words#@pnn1971m#93.083#93.452
64	200	200	NUM	_	_	_	_	_	@pnn1971m-words#@pnn1971m#93.452#93.821
65	грамм	грамм	NOUN	_	Animacy=Inan|Case=Gen|Gender=Masc|Number=Sing	_	_	_	@pnn1971m-words#@pnn1971m#93.821#94.19
66	/	/	PUNCT	_	_	_	_	_	@pnn1971m-words#@pnn1971m#94.19#94.559
67	имеет	иметь	VERB	_	Aspect=Imp|Mood=Ind|Number=Sing|Person=3|Tense=Pres|VerbForm=Fin|Voice=Act	_	_	_	@pnn1971m-words#@pnn1971m#94.559#94.928
68	приклад	приклад	NOUN	_	Animacy=Inan|Case=Acc|Gender=Masc|Number=Sing	_	_	_	@pnn1971m-words#@pnn1971m#94.928#95.3
69	то	то	SCONJ	_	_	_	_	_	@pnn1971m-words#@pnn1971m#95.8#96.231
70	соответственно	соответственно	ADV	_	Degree=Pos	_	_	_	@pnn1971m-words#@pnn1971m#96.231#96.662
71	эта	этот	DET	_	Case=Nom|Gender=Fem|Number=Sing	_	_	_	@pnn1971m-words#@pnn1971m#96.662#97.093
72	отдача	отдача	NOUN	_	Animacy=Inan|Case=Nom|Gender=Fem|Number=Sing	_	_	_	@pnn1971m-words#@pnn1971m#97.093#97.524
73	распределяется	распределяться	VERB	_	Aspect=Imp|Mood=Ind|Number=Sing|Person=3|Tense=Pres|VerbForm=Fin|Voice=Mid	_	_	_	@pnn1971m-words#@pnn1971m#97.524#97.955
74	по	по	ADP	_	_	_	_	_	@pnn1971m-words#@pnn1971m#97.955#98.386
75	всей	весь	DET	_	Case=Dat|Gender=Fem|Number=Sing	_	_	_	@pnn1971m-words#@pnn1971m#98.386#98.817
76	длине	длина	NOUN	_	Animacy=Inan|Case=Dat|Gender=Fem|Number=Sing	_	_	_	@pnn1971m-words#@pnn1971m#98.817#99.248
77	и	и	CCONJ	_	_	_	_	_	@pnn1971m-words#@pnn1971m#99.248#99.679
78	массе	масса	NOUN	_	Animacy=Inan|Case=Dat|Gender=Fem|Number=Sing	_	_	_	@pnn1971m-words#@pnn1971m#99.679#100.11
79	карабина	карабин	NOUN	_	Animacy=Inan|Case=Gen|Gender=Masc|Number=Sing	_	_	_	@pnn1971m-words#@pnn1971m#100.11#100.541
80	и	и	CCONJ	_	_	_	_	_	@pnn1971m-words#@pnn1971m#100.541#100.972
81	позволяет	позволять	VERB	_	Aspect=Imp|Mood=Ind|Number=Sing|Person=3|Tense=Pres|VerbForm=Fin|Voice=Act	_	_	_	@pnn1971m-words#@pnn1971m#100.972#101.403
82	более	более	ADV	_	Degree=Cmp	_	_	_	@pnn1971m-words#@pnn1971m#101.403#101.834
83	точно	точно	ADV	_	Degree=Pos	_	_	_	@pnn1971m-words#@pnn1971m#101.834#102.265
84	стрелять	стрелять	VERB	_	Aspect=Imp|VerbForm=Inf|Voice=Act	_	_	_	@pnn1971m-words#@pnn1971m#102.265#102.696
85	мощными	мощный	ADJ	_	Case=Ins|Degree=Pos|Number=Plur	_	_	_	@pnn1971m-words#@pnn1971m#102.696#103.127
86	револьверными	револьверный	ADJ	_	Case=Ins|Degree=Pos|Number=Plur	_	_	_	@pnn1971m-words#@pnn1971m#103.127#103.558
87	боеприпасами	боеприпас	NOUN	_	Animacy=Inan|Case=Ins|Gender=Masc|Number=Plur	_	_	_	@pnn1971m-words#@pnn1971m#103.558#104.0
88	то	то	PRON	_	Animacy=Inan|Case=Nom|Gender=Neut|Number=Sing	_	_	_	@pnn1971m-words#@pnn1971m#104.9#105.378
89	есть	быть	VERB	_	Aspect=Imp|Mood=Ind|Number=Sing|Person=3|Tense=Pres|VerbForm=Fin|Voice=Act	_	_	_	@pnn1971m-words#@pnn1971m#105.378#105.856
90	это	это	PRON	_	Animacy=Inan|Case=Nom|Gender=Neut|Number=Sing	_	_	_	@pnn1971m-words#@pnn1971m#105.856#106.334
91	добавляет	добавлять	VERB	_	Aspect=Imp|Mood=Ind|Number=Sing|Person=3|Tense=Pres|VerbForm=Fin|Voice=Act	_	_	_	@pnn1971m-words#@pnn1971m#106.334#106.812
92	останав-	останав-	PUNCT	_	_	_	_	_	@pnn1971m-words#@pnn1971m#106.812#107.29
93	высокое	высокий	ADJ	_	Case=Acc|Degree=Pos|Gender=Neut|Number=Sing	_	_	_	@pnn1971m-words#@pnn1971m#107.29#107.768
94	останавливающее	останавливать	VERB	_	Aspect=Imp|Case=Acc|Gender=Neut|Number=Sing|Tense=Pres|VerbForm=Part|Voice=Act	_	_	_	@pnn1971m-words#@pnn1971m#107.768#108.246
95	действие	действие	NOUN	_	Animacy=Inan|Case=Acc|Gender=Neut|Number=Sing	_	_	_	@pnn1971m-words#@pnn1971m#108.246#108.724
96	на	на	ADP	_	_	_	_	_	@pnn1971m-words#@pnn1971m#108.724#109.202
97	дистанциях	дистанция	NOUN	_	Animacy=Inan|Case=Loc|Gender=Fem|Number=Plur	_	_	_	@pnn1971m-words#@pnn1971m#109.202#109.68
98	до	до	ADP	_	_	_	_	_	@pnn1971m-words#@pnn1971m#109.68#110.158
99	100	100	NUM	_	_	_	_	_	@pnn1971m-words#@pnn1971m#110.158#110.636
100	метров	метр	NOUN	_	Animacy=Inan|Case=Gen|Gender=Masc|Number=Plur	_	_	_	@pnn1971m-words#@pnn1971m#110.636#111.114
101	/	/	PUNCT	_	_	_	_	_	@pnn1971m-words#@pnn1971m#111.114#111.592
102	и	и	CCONJ	_	_	_	_	_	@pnn1971m-words#@pnn1971m#111.592#112.07
103	естественно	естественный	ADJ	_	Degree=Pos|Gender=Neut|Number=Sing|Variant=Short	_	_	_	@pnn1971m-words#@pnn1971m#112.07#112.548
104	за	за	ADP	_	_	_	_	_	@pnn1971m-words#@pnn1971m#112.548#113.026
105	счет	счет	NOUN	_	Animacy=Inan|Case=Acc|Gender=Masc|Number=Sing	_	_	_	@pnn1971m-words#@pnn1971m#113.026#113.504
106	короткого	короткий	ADJ	_	Case=Gen|Degree=Pos|Gender=Masc|Number=Sing	_	_	_	@pnn1971m-words#@pnn1971m#113.504#113.982
107	револьверного	револьверный	ADJ	_	Case=Gen|Degree=Pos|Gender=Masc|Number=Sing	_	_	_	@pnn1971m-words#@pnn1971m#113.982#114.46
108	боеприпаса	боеприпас	NOUN	_	Animacy=Inan|Case=Gen|Gender=Masc|Number=Sing	_	_	_	@pnn1971m-words#@pnn1971m#114.46#114.938
109	позволяет	позволять	VERB	_	Aspect=Imp|Mood=Ind|Number=Sing|Person=3|Tense=Pres|VerbForm=Fin|Voice=Act	_	_	_	@pnn1971m-words#@pnn1971m#114.938#115.416
110	иметь	иметь	VERB	_	Aspect=Imp|VerbForm=Inf|Voice=Act	_	_	_	@pnn1971m-words#@pnn1971m#115.416#115.894
111	емкость	емкость	NOUN	_	Animacy=Inan|Case=Acc|Gender=Fem|Number=Sing	_	_	_	@pnn1971m-words#@pnn1971m#115.894#116.372
112	магазина	магазин	NOUN	_	Animacy=Inan|Case=Gen|Gender=Masc|Number=Sing	_	_	_	@pnn1971m-words#@pnn1971m#116.372#116.85
113	до	до	ADP	_	_	_	_	_	@pnn1971m-words#@pnn1971m#116.85#117.328
114	10	10	NUM	_	_	_	_	_	@pnn1971m-words#@pnn1971m#117.328#117.806
115	патронов	патрон	NOUN	_	Animacy=Inan|Case=Gen|Gender=Masc|Number=Plur	_	_	_	@pnn1971m-words#@pnn1971m#117.806#118.3
116	то	то	PRON	_	Animacy=Inan|Case=Nom|Gender=Neut|Number=Sing	_	_	_	@pnn1971m-words#@pnn1971m#119.0#119.375
117	есть	быть	VERB	_	Aspect=Imp|Mood=Ind|Number=Sing|Person=3|Tense=Pres|VerbForm=Fin|Voice=Act	_	_	_	@pnn1971m-words#@pnn1971m#119.375#119.75
118	это	это	PRON	_	Animacy=Inan|Case=Nom|Gender=Neut|Number=Sing	_	_	_	@pnn1971m-words#@pnn1971m#119.75#120.125
119	немаловажно	немаловажно	ADV	_	Degree=Pos	_	_	_	@pnn1971m-words#@pnn1971m#120.125#120.5
120	кстати	кстати	ADV	_	Degree=Pos	_	_	_	@pnn1971m-words#@pnn1971m#121.3#121.752
121	/	/	PUNCT	_	_	_	_	_	@pnn1971m-words#@pnn1971m#121.752#122.204
122	обратите	обратить	VERB	_	Aspect=Imp|Mood=Ind|Number=Plur|Person=2|Tense=Pres|VerbForm=Fin|Voice=Act	_	_	_	@pnn1971m-words#@pnn1971m#122.204#122.656
123	внимание	внимание	NOUN	_	Animacy=Inan|Case=Acc|Gender=Neut|Number=Sing	_	_	_	@pnn1971m-words#@pnn1971m#122.656#123.108
124	/	/	PUNCT	_	_	_	_	_	@pnn1971m-words#@pnn1971m#123.108#123.56
125	что	что	SCONJ	_	_	_	_	_	@pnn1971m-words#@pnn1971m#123.56#124.012
126	карабины	карабин	NOUN	_	Animacy=Inan|Case=Nom|Gender=Fem|Number=Plur	_	_	_	@pnn1971m-words#@pnn1971m#124.012#124.464
127	оборудованы	оборудовать	VERB	_	Aspect=Perf|Number=Plur|Tense=Past|Variant=Short|VerbForm=Part|Voice=Pass	_	_	_	@pnn1971m-words#@pnn1971m#124.464#124.916
128	скобой	скебя	NOUN	_	Animacy=Inan|Case=Ins|Gender=Fem|Number=Sing	_	_	_	@pnn1971m-words#@pnn1971m#124.916#125.368
129	Генри	Генрь	PROPN	_	Animacy=Anim|Case=Ins|Gender=Masc|Number=Sing	_	_	_	@pnn1971m-words#@pnn1971m#125.368#125.82
130	/	/	PUNCT	_	_	_	_	_	@pnn1971m-words#@pnn1971m#125.82#126.272
131	то	то	PRON	_	Animacy=Inan|Case=Nom|Gender=Neut|Number=Sing	_	_	_	@pnn1971m-words#@pnn1971m#126.272#126.724
132	есть	быть	VERB	_	Aspect=Imp|Mood=Ind|Number=Sing|Person=3|Tense=Pres|VerbForm=Fin|Voice=Act	_	_	_	@pnn1971m-words#@pnn1971m#126.724#127.176
133	изобретением	изобретений	NOUN	_	Animacy=Inan|Case=Ins|Gender=Neut|Number=Sing	_	_	_	@pnn1971m-words#@pnn1971m#127.176#127.628
134	конца	конец	NOUN	_	Animacy=Inan|Case=Gen|Gender=Masc|Number=Sing	_	_	_	@pnn1971m-words#@pnn1971m#127.628#128.08
135	19	19	NUM	_	_	_	_	_	@pnn1971m-words#@pnn1971m#128.08#128.532
136	века	век	NOUN	_	Animacy=Inan|Case=Gen|Gender=Masc|Number=Sing	_	_	_	@pnn1971m-words#@pnn1971m#128.532#129.0
137	да	да	CCONJ	_	_	_	_	_	@pnn1971m-words#@pnn1971m#133.0#133.44
138	/	/	PUNCT	_	_	_	_	_	@pnn1971m-words#@pnn1971m#133.44#133.88
139	вы	вы	PRON	_	Case=Nom|Number=Plur|Person=2	_	_	_	@pnn1971m-words#@pnn1971m#133.88#134.32
140	абсолютно	абсолютно	ADV	_	Degree=Pos	_	_	_	@pnn1971m-words#@pnn1971m#134.32#134.76
141	правы	правый	ADJ	_	Degree=Pos|Number=Plur|Variant=Short	_	_	_	@pnn1971m-words#@pnn1971m#134.76#135.2
142	ROSSI	ROSSI	PROPN	_	Foreign=Yes	_	_	_	@pnn1971m-words#@pnn1971m#135.6#136.1
143	модель	модель	NOUN	_	Animacy=Inan|Case=Nom|Gender=Fem|Number=Sing	_	_	_	@pnn1971m-words#@pnn1971m#136.1#136.6
144	92	92	NUM	_	_	_	_	_	@pnn1971m-words#@pnn1971m#136.6#137.1
145	это	это	PRON	_	Animacy=Inan|Case=Nom|Gender=Neut|Number=Sing	_	_	_	@pnn1971m-words#@pnn1971m#137.1#137.6
146	и	и	PART	_	_	_	_	_	@pnn1971m-words#@pnn1971m#137.6#138.1
147	есть	быть	AUX	_	Aspect=Imp|Mood=Ind|Number=Sing|Person=3|Tense=Pres|VerbForm=Fin|Voice=Act	_	_	_	@pnn1971m-words#@pnn1971m#138.1#138.6
148	современная	современный	ADJ	_	Case=Nom|Degree=Pos|Gender=Fem|Number=Sing	_	_	_	@pnn1971m-words#@pnn1971m#138.6#139.1
149	реплика	реплика	NOUN	_	Animacy=Inan|Case=Nom|Gender=Fem|Number=Sing	_	_	_	@pnn1971m-words#@pnn1971m#139.1#139.6
150	винчестера	винчестер	NOUN	_	Animacy=Inan|Case=Gen|Gender=Masc|Number=Sing	_	_	_	@pnn1971m-words#@pnn1971m#139.6#140.1
151	1892	1892	NUM	_	_	_	_	_	@pnn1971m-words#@pnn1971m#140.1#140.6
152	года	год	NOUN	_	Animacy=Inan|Case=Gen|Gender=Masc|Number=Sing	_	_	_	@pnn1971m-words#@pnn1971m#140.6#141.1
153	/	/	PUNCT	_	_	_	_	_	@pnn1971m-words#@pnn1971m#141.1#141.6
154	ээ	ээ	INTJ	_	_	_	_	_	@pnn1971m-words#@pnn1971m#141.6#142.1
155	/	/	PUNCT	_	_	_	_	_	@pnn1971m-words#@pnn1971m#142.1#142.6
156	в	в	ADP	_	_	_	_	_	@pnn1971m-words#@pnn1971m#142.6#143.1
157	конструкцию	конструкция	NOUN	_	Animacy=Inan|Case=Acc|Gender=Fem|Number=Sing	_	_	_	@pnn1971m-words#@pnn1971m#143.1#143.6
158	которого	который	PRON	_	Case=Gen	_	_	_	@pnn1971m-words#@pnn1971m#143.6#144.1
159	вложил	вложить	VERB	_	Aspect=Perf|Gender=Masc|Mood=Ind|Number=Sing|Tense=Past|VerbForm=Fin|Voice=Act	_	_	_	@pnn1971m-words#@pnn1971m#144.1#144.6
160	свою	свой	DET	_	Case=Acc|Gender=Fem|Number=Sing	_	_	_	@pnn1971m-words#@pnn1971m#144.6#145.1
161	руку	рука	NOUN	_	Animacy=Inan|Case=Acc|Gender=Fem|Number=Sing	_	_	_	@pnn1971m-words#@pnn1971m#145.1#145.6
162	великий	великий	ADJ	_	Case=Nom|Degree=Pos|Gender=Masc|Number=Sing	_	_	_	@pnn1971m-words#@pnn1971m#145.6#146.1
163	конструктор	конструктор	NOUN	_	Animacy=Anim|Case=Nom|Gender=Masc|Number=Sing	_	_	_	@pnn1971m-words#@pnn1971m#146.1#146.6
164	Джон	Джон	PROPN	_	Animacy=Anim|Case=Nom|Gender=Masc|Number=Sing	_	_	_	@pnn1971m-words#@pnn1971m#146.6#147.1
165	Мозес	Мозес	PROPN	_	Animacy=Anim|Case=Nom|Gender=Masc|Number=Sing	_	_	_	@pnn1971m-words#@pnn1971m#147.1#147.6
166	Браунинг	Браунинг	PROPN	_	Animacy=Anim|Case=Nom|Gender=Masc|Number=Sing	_	_	_	@pnn1971m-words#@pnn1971m#147.6#148.1
167	соответственно	соответственно	ADV	_	Degree=Pos	_	_	_	@pnn1971m-words#@pnn1971m#148.7#149.316
168	он	он	PRON	_	Case=Nom|Gender=Masc|Number=Sing|Person=3	_	_	_	@pnn1971m-words#@pnn1971m#149.316#149.932
169	очень	очень	ADV	_	Degree=Pos	_	_	_	@pnn1971m-words#@pnn1971m#149.932#150.548
170	сильно	сильно	ADV	_	Degree=Pos	_	_	_	@pnn1971m-words#@pnn1971m#150.548#151.164
171	упростил	упростить	VERB	_	Aspect=Perf|Gender=Masc|Mood=Ind|Number=Sing|Tense=Past|VerbForm=Fin|Voice=Act	_	_	_	@pnn1971m-words#@pnn1971m#151.164#151.78
172	конструкцию	конструкция	NOUN	_	Animacy=Inan|Case=Acc|Gender=Fem|Number=Sing	_	_	_	@pnn1971m-words#@pnn1971m#151.78#152.396
173	оружия	оружие	NOUN	_	Animacy=Inan|Case=Gen|Gender=Neut|Number=Sing	_	_	_	@pnn1971m-words#@pnn1971m#152.396#153.012
174	под	под	ADP	_	_	_	_	_	@pnn1971m-words#@pnn1971m#153.012#153.628
175	револьверные	револьверный	ADJ	_	Animacy=Inan|Case=Acc|Degree=Pos|Number=Plur	_	_	_	@pnn1971m-words#@pnn1971m#153.628#154.244
176	боеприпасы	боеприпас	NOUN	_	Animacy=Inan|Case=Acc|Gender=Masc|Number=Plur	_	_	_	@pnn1971m-words#@pnn1971m#154.244#154.86
177	скобой	скебя	ADJ	_	Case=Gen|Degree=Pos|Gender=Fem|Number=Sing	_	_	_	@pnn1971m-words#@pnn1971m#154.86#155.476
178	Генри	Генри	PROPN	_	Animacy=Anim|Case=Nom|Gender=Masc|Number=Sing	_	_	_	@pnn1971m-words#@pnn1971m#155.476#156.1
179	сделал	делать	VERB	_	Aspect=Perf|Gender=Masc|Mood=Ind|Number=Sing|Tense=Past|VerbForm=Fin|Voice=Act	_	_	_	@pnn1971m-words#@pnn1971m#156.5#156.814
180	ее	она	PRON	_	Case=Acc|Gender=Fem|Number=Sing|Person=3	_	_	_	@pnn1971m-words#@pnn1971m#156.814#157.128
181	более	более	ADV	_	Degree=Cmp	_	_	_	@pnn1971m-words#@pnn1971m#157.128#157.442
182	прочной	прочный	ADJ	_	Case=Ins|Degree=Pos|Gender=Fem|Number=Sing	_	_	_	@pnn1971m-words#@pnn1971m#157.442#157.756
183	и	и	CCONJ	_	_	_	_	_	@pnn1971m-words#@pnn1971m#157.756#158.07
184	более	более	ADV	_	Degree=Cmp	_	_	_	@pnn1971m-words#@pnn1971m#158.07#158.384
185	надежной	надежный	ADJ	_	Case=Ins|Degree=Pos|Gender=Fem|Number=Sing	_	_	_	@pnn1971m-words#@pnn1971m#158.384#158.7
186	поэтому	поэтому	ADV	_	Degree=Pos	_	_	_	@pnn1971m-words#@pnn1971m#159.0#159.433
187	по	по	ADP	_	_	_	_	_	@pnn1971m-words#@pnn1971m#159.433#159.866
188	сей	сей	DET	_	Case=Acc|Gender=Masc|Number=Sing	_	_	_	@pnn1971m-words#@pnn1971m#159.866#160.299
189	день	день	NOUN	_	Animacy=Inan|Case=Acc|Gender=Masc|Number=Sing	_	_	_	@pnn1971m-words#@pnn1971m#160.299#160.732
190	выпускаются	выпускать	VERB	_	Aspect=Imp|Mood=Ind|Number=Plur|Person=3|Tense=Pres|VerbForm=Fin|Voice=Pass	_	_	_	@pnn1971m-words#@pnn1971m#160.732#161.165
191	реплики	реплика	NOUN	_	Animacy=Inan|Case=Nom|Gender=Masc|Number=Plur	_	_	_	@pnn1971m-words#@pnn1971m#161.165#161.598
192	модели	модель	NOUN	_	Animacy=Inan|Case=Gen|Gender=Fem|Number=Sing	_	_	_	@pnn1971m-words#@pnn1971m#161.598#162.031
193	92	92	NUM	_	_	_	_	_	@pnn1971m-words#@pnn1971m#162.031#162.464
194	/	/	PUNCT	_	_	_	_	_	@pnn1971m-words#@pnn1971m#162.464#162.897
195	и	и	CCONJ	_	_	_	_	_	@pnn1971m-words#@pnn1971m#162.897#163.33
196	одна	один	NUM	_	Case=Nom|Gender=Fem	_	_	_	@pnn1971m-words#@pnn1971m#163.33#163.763
197	из	из	ADP	_	_	_	_	_	@pnn1971m-words#@pnn1971m#163.763#164.196
198	них	они	PRON	_	Case=Gen|Number=Plur|Person=3	_	_	_	@pnn1971m-words#@pnn1971m#164.196#164.629
199	это	это	PRON	_	Animacy=Inan|Case=Nom|Gender=Neut|Number=Sing	_	_	_	@pnn1971m-words#@pnn1971m#164.629#165.062
200	ROSSI	ROSSI	PROPN	_	Foreign=Yes	_	_	_	@pnn1971m-words#@pnn1971m#165.062#165.5
201	да	да	CCONJ	_	_	_	_	_	@pnn1971m-words#@pnn1971m#171.0#171.24
202	/	/	PUNCT	_	_	_	_	_	@pnn1971m-words#@pnn1971m#171.24#171.48
203	вы	вы	PRON	_	Case=Nom|Number=Plur|Person=2	_	_	_	@pnn1971m-words#@pnn1971m#171.48#171.72
204	абсолютно	абсолютно	ADV	_	Degree=Pos	_	_	_	@pnn1971m-words#@pnn1971m#171.72#171.96
205	правы	правый	ADJ	_	Degree=Pos|Number=Plur|Variant=Short	_	_	_	@pnn1971m-words#@pnn1971m#171.96#172.2
206	на	на	ADP	_	_	_	_	_	@pnn1971m-words#@pnn1971m#172.5#172.98
207	сегодняшний	сегодняшний	ADJ	_	Animacy=Inan|Case=Acc|Degree=Pos|Gender=Masc|Number=Sing	_	_	_	@pnn1971m-words#@pnn1971m#172.98#173.46
208	день	день	NOUN	_	Animacy=Inan|Case=Acc|Gender=Masc|Number=Sing	_	_	_	@pnn1971m-words#@pnn1971m#173.46#173.94
209	он	он	PRON	_	Case=Nom|Gender=Masc|Number=Sing|Person=3	_	_	_	@pnn1971m-words#@pnn1971m#173.94#174.42
210	уступает	уступать	VERB	_	Aspect=Imp|Mood=Ind|Number=Sing|Person=3|Tense=Pres|VerbForm=Fin|Voice=Act	_	_	_	@pnn1971m-words#@pnn1971m#174.42#174.9
211	только	только	PART	_	_	_	_	_	@pnn1971m-words#@pnn1971m#174.9#175.38
212	самозарядным	самозарядный	ADJ	_	Case=Dat|Degree=Pos|Number=Plur	_	_	_	@pnn1971m-words#@pnn1971m#175.38#175.86
213	карабинам	карабина	NOUN	_	Animacy=Inan|Case=Dat|Gender=Fem|Number=Plur	_	_	_	@pnn1971m-words#@pnn1971m#175.86#176.34
214	/	/	PUNCT	_	_	_	_	_	@pnn1971m-words#@pnn1971m#176.34#176.82
215	где	где	ADV	_	Degree=Pos	_	_	_	@pnn1971m-words#@pnn1971m#176.82#177.3
216	для	для	ADP	_	_	_	_	_	@pnn1971m-words#@pnn1971m#177.3#177.78
217	перезаряжания	перезаряжание	NOUN	_	Animacy=Inan|Case=Gen|Gender=Neut|Number=Sing	_	_	_	@pnn1971m-words#@pnn1971m#177.78#178.26
218	используется	использовать	VERB	_	Aspect=Imp|Mood=Ind|Number=Sing|Person=3|Tense=Pres|VerbForm=Fin|Voice=Pass	_	_	_	@pnn1971m-words#@pnn1971m#178.26#178.74
219	автоматика	автоматика	NOUN	_	Animacy=Inan|Case=Nom|Gender=Fem|Number=Sing	_	_	_	@pnn1971m-words#@pnn1971m#178.74#179.22
220	/	/	PUNCT	_	_	_	_	_	@pnn1971m-words#@pnn1971m#179.22#179.7
221	энергия	энергия	NOUN	_	Animacy=Inan|Case=Nom|Gender=Fem|Number=Sing	_	_	_	@pnn1971m-words#@pnn1971m#179.7#180.18
222	пороховых	пороховой	ADJ	_	Case=Gen|Degree=Pos|Number=Plur	_	_	_	@pnn1971m-words#@pnn1971m#180.18#180.66
223	газов	газ	NOUN	_	Animacy=Inan|Case=Gen|Gender=Masc|Number=Plur	_	_	_	@pnn1971m-words#@pnn1971m#180.66#181.14
224	или	или	CCONJ	_	_	_	_	_	@pnn1971m-words#@pnn1971m#181.14#181.62
225	свободного	свободный	ADJ	_	Case=Gen|Degree=Pos|Gender=Masc|Number=Sing	_	_	_	@pnn1971m-words#@pnn1971m#181.62#182.1
226	затвора	затвор	NOUN	_	Animacy=Inan|Case=Gen|Gender=Masc|Number=Sing	_	_	_	@pnn1971m-words#@pnn1971m#182.1#182.6
227	среди	среди	ADP	_	_	_	_	_	@pnn1971m-words#@pnn1971m#183.0#183.368
228	оружия	оружие	NOUN	_	Animacy=Inan|Case=Gen|Gender=Neut|Number=Sing	_	_	_	@pnn1971m-words#@pnn1971m#183.368#183.736
229	с	с	ADP	_	_	_	_	_	@pnn1971m-words#@pnn1971m#183.736#184.104
230	ручным	ручной	ADJ	_	Case=Ins|Degree=Pos|Gender=Neut|Number=Sing	_	_	_	@pnn1971m-words#@pnn1971m#184.104#184.472
231	/	/	PUNCT	_	_	_	_	_	@pnn1971m-words#@pnn1971m#184.472#184.84
232	ээ	ээ	NOUN	_	Animacy=Inan|Case=Nom|Gender=Neut|Number=Sing	_	_	_	@pnn1971m-words#@pnn1971m#184.84#185.208
233	/	/	PUNCT	_	_	_	_	_	@pnn1971m-words#@pnn1971m#185.208#185.576
234	перезаряжанием	перезаряжание	NOUN	_	Animacy=Inan|Case=Ins|Gender=Neut|Number=Sing	_	_	_	@pnn1971m-words#@pnn1971m#185.576#185.944
235	карабины	карабин	NOUN	_	Animacy=Inan|Case=Gen|Gender=Fem|Number=Sing	_	_	_	@pnn1971m-words#@pnn1971m#185.944#186.312
236	и	и	CCONJ	_	_	_	_	_	@pnn1971m-words#@pnn1971m#186.312#186.68
237	винтовки	винтовка	NOUN	_	Animacy=Inan|Case=Gen|Gender=Fem|Number=Sing	_	_	_	@pnn1971m-words#@pnn1971m#186.68#187.048
238	со	с	ADP	_	_	_	_	_	@pnn1971m-words#@pnn1971m#187.048#187.416
239	скобой	скоба	NOUN	_	Animacy=Inan|Case=Ins|Gender=Fem|Number=Sing	_	_	_	@pnn1971m-words#@pnn1971m#187.416#187.784
240	Генри	Генрь	PROPN	_	Animacy=Anim|Case=Gen|Gender=Masc|Number=Sing	_	_	_	@pnn1971m-words#@pnn1971m#187.784#188.152
241	по	по	ADP	_	_	_	_	_	@pnn1971m-words#@pnn1971m#188.152#188.52
242	сей	сей	DET	_	Case=Acc|Gender=Masc|Number=Sing	_	_	_	@pnn1971m-words#@pnn1971m#188.52#188.888
243	день	день	NOUN	_	Animacy=Inan|Case=Acc|Gender=Masc|Number=Sing	_	_	_	@pnn1971m-words#@pnn1971m#188.888#189.256
244	являются	являться	VERB	_	Aspect=Imp|Mood=Ind|Number=Plur|Person=3|Tense=Pres|VerbForm=Fin|Voice=Mid	_	_	_	@pnn1971m-words#@pnn1971m#189.256#189.624
245	лидерами	лидер	NOUN	_	Animacy=Anim|Case=Ins|Gender=Masc|Number=Plur	_	_	_	@pnn1971m-words#@pnn1971m#189.624#190.0
246	вы	вы	PRON	_	Case=Nom|Number=Plur|Person=2	_	_	_	@pnn1971m-words#@pnn1971m#190.5#190.876
247	обратите	обратить	VERB	_	Aspect=Perf|Mood=Ind|Number=Plur|Person=2|Tense=Fut|VerbForm=Fin|Voice=Act	_	_	_	@pnn1971m-words#@pnn1971m#190.876#191.252
248	внимание	внимание	NOUN	_	Animacy=Inan|Case=Acc|Gender=Neut|Number=Sing	_	_	_	@pnn1971m-words#@pnn1971m#191.252#191.628
249	/	/	PUNCT	_	_	_	_	_	@pnn1971m-words#@pnn1971m#191.628#192.004
250	что	что	SCONJ	_	_	_	_	_	@pnn1971m-words#@pnn1971m#192.004#192.38
251	при	при	ADP	_	_	_	_	_	@pnn1971m-words#@pnn1971m#192.38#192.756
252	стрельбе	стрельба	NOUN	_	Animacy=Inan|Case=Loc|Gender=Fem|Number=Sing	_	_	_	@pnn1971m-words#@pnn1971m#192.756#193.132
253	/	/	PUNCT	_	_	_	_	_	@pnn1971m-words#@pnn1971m#193.132#193.508
254	когда	когда	SCONJ	_	_	_	_	_	@pnn1971m-words#@pnn1971m#193.508#193.884
255	вы	вы	PRON	_	Case=Nom|Number=Plur|Person=2	_	_	_	@pnn1971m-words#@pnn1971m#193.884#194.26
256	спускаете	пускать	VERB	_	Aspect=Imp|Mood=Ind|Number=Plur|Person=2|Tense=Pres|VerbForm=Fin|Voice=Act	_	_	_	@pnn1971m-words#@pnn1971m#194.26#194.636
257	курок	курка	NOUN	_	Animacy=Inan|Case=Acc|Gender=Masc|Number=Sing	_	_	_	@pnn1971m-words#@pnn1971m#194.636#195.012
258	/	/	PUNCT	_	_	_	_	_	@pnn1971m-words#@pnn1971m#195.012#195.388
259	происходит	происходить	VERB	_	Aspect=Imp|Mood=Ind|Number=Sing|Person=3|Tense=Pres|VerbForm=Fin|Voice=Act	_	_	_	@pnn1971m-words#@pnn1971m#195.388#195.764
260	выстрел	выстрел	NOUN	_	Animacy=Inan|Case=Nom|Gender=Masc|Number=Sing	_	_	_	@pnn1971m-words#@pnn1971m#195.764#196.14
261	/	/	PUNCT	_	_	_	_	_	@pnn1971m-words#@pnn1971m#196.14#196.516
262	вы	вы	PRON	_	Case=Nom|Number=Plur|Person=2	_	_	_	@pnn1971m-words#@pnn1971m#196.516#196.892
263	просто	просто	PART	_	_	_	_	_	@pnn1971m-words#@pnn1971m#196.892#197.268
264	двигаете	двигавать	VERB	_	Aspect=Imp|Mood=Ind|Number=Plur|Person=2|Tense=Pres|VerbForm=Fin|Voice=Act	_	_	_	@pnn1971m-words#@pnn1971m#197.268#197.644
265	спусковую	спусковой	ADJ	_	Case=Acc|Degree=Pos|Gender=Fem|Number=Sing	_	_	_	@pnn1971m-words#@pnn1971m#197.644#198.02
266	скобу	скоба	NOUN	_	Animacy=Inan|Case=Acc|Gender=Fem|Number=Sing	_	_	_	@pnn1971m-words#@pnn1971m#198.02#198.4
267	вниз	вниз	ADV	_	Degree=Pos	_	_	_	@pnn1971m-words#@pnn1971m#199.6#199.866
268	и	и	CCONJ	_	_	_	_	_	@pnn1971m-words#@pnn1971m#199.866#200.132
269	вперед	вперед	ADV	_	Degree=Pos	_	_	_	@pnn1971m-words#@pnn1971m#200.132#200.4
270	ээ	ээ	NOUN	_	Animacy=Inan|Case=Nom|Gender=Neut|Number=Sing	_	_	_	@pnn1971m-words#@pnn1971m#201.0#201.4
271	/гильза	/гильз	ADP	_	_	_	_	_	@pnn1971m-words#@pnn1971m#201.4#201.8
272	выбрасывается	выбрасывать	VERB	_	Aspect=Imp|Mood=Ind|Number=Sing|Person=3|Tense=Pres|VerbForm=Fin|Voice=Pass	_	_	_	@pnn1971m-words#@pnn1971m#201.8#202.2
273	/	/	PUNCT	_	_	_	_	_	@pnn1971m-words#@pnn1971m#202.2#202.6
274	ээ	ээ	NOUN	_	Animacy=Inan|Case=Nom|Gender=Neut|Number=Sing	_	_	_	@pnn1971m-words#@pnn1971m#202.6#203.0
275	/	/	PUNCT	_	_	_	_	_	@pnn1971m-words#@pnn1971m#203.0#203.4
276	извлекается	извлекать	VERB	_	Aspect=Imp|Mood=Ind|Number=Sing|Person=3|Tense=Pres|VerbForm=Fin|Voice=Pass	_	_	_	@pnn1971m-words#@pnn1971m#203.4#203.8
277	из	из	ADP	_	_	_	_	_	@pnn1971m-words#@pnn1971m#203.8#204.2
278	патронника	патронник	NOUN	_	Animacy=Inan|Case=Gen|Gender=Masc|Number=Sing	_	_	_	@pnn1971m-words#@pnn1971m#204.2#204.6
279	и	и	CCONJ	_	_	_	_	_	@pnn1971m-words#@pnn1971m#204.6#205.0
280	выбрасывается	выбрасывать	VERB	_	Aspect=Imp|Mood=Ind|Number=Sing|Person=3|Tense=Pres|VerbForm=Fin|Voice=Pass	_	_	_	@pnn1971m-words#@pnn1971m#205.0#205.4
281	за	за	ADP	_	_	_	_	_	@pnn1971m-words#@pnn1971m#205.4#205.8
282	пределы	предел	NOUN	_	Animacy=Inan|Case=Acc|Gender=Masc|Number=Plur	_	_	_	@pnn1971m-words#@pnn1971m#205.8#206.2
283	ствольной	ствольный	ADJ	_	Case=Gen|Degree=Pos|Gender=Fem|Number=Sing	_	_	_	@pnn1971m-words#@pnn1971m#206.2#206.6
284	коробки	коробка	NOUN	_	Animacy=Inan|Case=Gen|Gender=Fem|Number=Sing	_	_	_	@pnn1971m-words#@pnn1971m#206.6#207.0
285	взводится	взводиться	VERB	_	Aspect=Imp|Mood=Ind|Number=Sing|Person=3|Tense=Pres|VerbForm=Fin|Voice=Pass	_	_	_	@pnn1971m-words#@pnn1971m#207.7#208.1
286	курок	курка	NOUN	_	Animacy=Inan|Case=Nom|Gender=Masc|Number=Sing	_	_	_	@pnn1971m-words#@pnn1971m#208.1#208.5
287	при	при	ADP	_	_	_	_	_	@pnn1971m-words#@pnn1971m#208.8#209.242
288	движении	движение	NOUN	_	Animacy=Inan|Case=Loc|Gender=Neut|Number=Sing	_	_	_	@pnn1971m-words#@pnn1971m#209.242#209.684
289	скобы	скоб	NOUN	_	Animacy=Inan|Case=Gen|Gender=Fem|Number=Sing	_	_	_	@pnn1971m-words#@pnn1971m#209.684#210.126
290	вперед	вперед	ADV	_	Degree=Pos	_	_	_	@pnn1971m-words#@pnn1971m#210.126#210.568
291	досылается	досылаться	VERB	_	Aspect=Imp|Mood=Ind|Number=Sing|Person=3|Tense=Pres|VerbForm=Fin|Voice=Pass	_	_	_	@pnn1971m-words#@pnn1971m#210.568#211.01
292	очередной	очередной	ADJ	_	Case=Nom|Degree=Pos|Gender=Masc|Number=Sing	_	_	_	@pnn1971m-words#@pnn1971m#211.01#211.452
293	патрон	патрон	NOUN	_	Animacy=Inan|Case=Nom|Gender=Masc|Number=Sing	_	_	_	@pnn1971m-words#@pnn1971m#211.452#211.894
294	из	из	ADP	_	_	_	_	_	@pnn1971m-words#@pnn1971m#211.894#212.336
295	магазина	магазин	NOUN	_	Animacy=Inan|Case=Gen|Gender=Masc|Number=Sing	_	_	_	@pnn1971m-words#@pnn1971m#212.336#212.778
296	в	в	ADP	_	_	_	_	_	@pnn1971m-words#@pnn1971m#212.778#213.22
297	патронник	патронник	NOUN	_	Animacy=Inan|Case=Acc|Gender=Masc|Number=Sing	_	_	_	@pnn1971m-words#@pnn1971m#213.22#213.662
298	/	/	PUNCT	_	_	_	_	_	@pnn1971m-words#@pnn1971m#213.662#214.104
299	запирается	запирать	VERB	_	Aspect=Imp|Mood=Ind|Number=Sing|Person=3|Tense=Pres|VerbForm=Fin|Voice=Mid	_	_	_	@pnn1971m-words#@pnn1971m#214.104#214.546
300	затвор	затвор	NOUN	_	Animacy=Inan|Case=Nom|Gender=Masc|Number=Sing	_	_	_	@pnn1971m-words#@pnn1971m#214.546#214.988
301	и	и	CCONJ	_	_	_	_	_	@pnn1971m-words#@pnn1971m#214.988#215.43
302	оружие	оружие	NOUN	_	Animacy=Inan|Case=Nom|Gender=Neut|Number=Sing	_	_	_	@pnn1971m-words#@pnn1971m#215.43#215.872
303	готово	готовый	ADJ	_	Degree=Pos|Gender=Neut|Number=Sing|Variant=Short	_	_	_	@pnn1971m-words#@pnn1971m#215.872#216.314
304	к	к	ADP	_	_	_	_	_	@pnn1971m-words#@pnn1971m#216.314#216.756
305	выстрелу	выстрел	NOUN	_	Animacy=Inan|Case=Dat|Gender=Masc|Number=Sing	_	_	_	@pnn1971m-words#@pnn1971m#216.756#217.2
306	вы	вы	PRON	_	Case=Nom|Number=Plur|Person=2	_	_	_	@pnn1971m-words#@pnn1971m#217.5#217.94
307	можете	мочь	VERB	_	Aspect=Imp|Mood=Ind|Number=Plur|Person=2|Tense=Pres|VerbForm=Fin|Voice=Act	_	_	_	@pnn1971m-words#@pnn1971m#217.94#218.38
308	произвести	произвести	VERB	_	Aspect=Perf|VerbForm=Inf|Voice=Act	_	_	_	@pnn1971m-words#@pnn1971m#218.38#218.82
309	спуск	спуск	NOUN	_	Animacy=Inan|Case=Acc|Gender=Masc|Number=Sing	_	_	_	@pnn1971m-words#@pnn1971m#218.82#219.26
310	при	при	ADP	_	_	_	_	_	@pnn1971m-words#@pnn1971m#219.5#219.94
311	этом	это	PRON	_	Animacy=Inan|Case=Loc|Gender=Neut|Number=Sing	_	_	_	@pnn1971m-words#@pnn1971m#219.94#220.38
312	/	/	PUNCT	_	_	_	_	_	@pnn1971m-words#@pnn1971m#220.38#220.82
313	ээ	ээ	INTJ	_	_	_	_	_	@pnn1971m-words#@pnn1971m#220.82#221.26
314	/профессиональные	/профессиональный	ADJ	_	Case=Nom|Degree=Pos|Number=Plur	_	_	_	@pnn1971m-words#@pnn1971m#221.26#221.7
315	стрелки	стрелка	NOUN	_	Animacy=Inan|Case=Nom|Gender=Fem|Number=Plur	_	_	_	@pnn1971m-words#@pnn1971m#221.7#222.14
316	/	/	PUNCT	_	_	_	_	_	@pnn1971m-words#@pnn1971m#222.14#222.58
317	ну	ну	PART	_	_	_	_	_	@pnn1971m-words#@pnn1971m#222.58#223.02
318	и	и	CCONJ	_	_	_	_	_	@pnn1971m-words#@pnn1971m#223.02#223.46
319	те	тот	DET	_	Case=Nom|Number=Plur	_	_	_	@pnn1971m-words#@pnn1971m#223.46#223.9
320	кто	кто	PRON	_	Case=Nom	_	_	_	@pnn1971m-words#@pnn1971m#223.9#224.34
321	достаточно	достаточно	ADV	_	Degree=Pos	_	_	_	@pnn1971m-words#@pnn1971m#224.34#224.78
322	хорошо	хорошо	ADV	_	Degree=Pos	_	_	_	@pnn1971m-words#@pnn1971m#224.78#225.22
323	уже	уже	ADV	_	Degree=Pos	_	_	_	@pnn1971m-words#@pnn1971m#225.22#225.66
324	знают	знать	VERB	_	Aspect=Imp|Mood=Ind|Number=Plur|Person=3|Tense=Pres|VerbForm=Fin|Voice=Act	_	_	_	@pnn1971m-words#@pnn1971m#225.66#226.1
325	свое	свой	DET	_	Case=Acc|Gender=Neut|Number=Sing	_	_	_	@pnn1971m-words#@pnn1971m#226.1#226.54
326	оружие	оружие	NOUN	_	Animacy=Inan|Case=Acc|Gender=Neut|Number=Sing	_	_	_	@pnn1971m-words#@pnn1971m#226.54#226.98
327	/	/	PUNCT	_	_	_	_	_	@pnn1971m-words#@pnn1971m#226.98#227.42
328	мо-могут	мо-могут	VERB	_	Aspect=Imp|Mood=Ind|Number=Plur|Person=3|Tense=Pres|VerbForm=Fin|Voice=Act	_	_	_	@pnn1971m-words#@pnn1971m#227.42#227.86
329	стрелять	стрелять	VERB	_	Aspect=Imp|VerbForm=Inf|Voice=Act	_	_	_	@pnn1971m-words#@pnn1971m#227.86#228.3
330	без	без	ADP	_	_	_	_	_	@pnn1971m-words#@pnn1971m#228.3#228.74
331	отрыва	отрыв	NOUN	_	Animacy=Inan|Case=Gen|Gender=Masc|Number=Sing	_	_	_	@pnn1971m-words#@pnn1971m#228.74#229.18
332	оружия	оружие	NOUN	_	Animacy=Inan|Case=Gen|Gender=Neut|Number=Sing	_	_	_	@pnn1971m-words#@pnn1971m#229.18#229.62
333	от	от	ADP	_	_	_	_	_	@pnn1971m-words#@pnn1971m#229.62#230.06
334	плеча	плечо	NOUN	_	Animacy=Inan|Case=Gen|Gender=Neut|Number=Sing	_	_	_	@pnn1971m-words#@pnn1971m#230.06#230.5
335	то	то	PRON	_	Animacy=Inan|Case=Nom|Gender=Neut|Number=Sing	_	_	_	@pnn1971m-words#@pnn1971m#231.0#231.269
336	есть	быть	VERB	_	Aspect=Imp|Mood=Ind|Number=Sing|Person=3|Tense=Pres|VerbForm=Fin|Voice=Act	_	_	_	@pnn1971m-words#@pnn1971m#231.269#231.538
337	это	это	PRON	_	Animacy=Inan|Case=Nom|Gender=Neut|Number=Sing	_	_	_	@pnn1971m-words#@pnn1971m#231.538#231.807
338	вот	вот	PART	_	_	_	_	_	@pnn1971m-words#@pnn1971m#231.807#232.076
339	произведя	произвести	VERB	_	Aspect=Perf|Tense=Past|VerbForm=Conv|Voice=Act	_	_	_	@pnn1971m-words#@pnn1971m#232.076#232.345
340	выстрел	выстрел	NOUN	_	Animacy=Inan|Case=Acc|Gender=Masc|Number=Sing	_	_	_	@pnn1971m-words#@pnn1971m#232.345#232.614
341	/	/	PUNCT	_	_	_	_	_	@pnn1971m-words#@pnn1971m#232.614#232.883
342	резкое	резкий	ADJ	_	Case=Acc|Degree=Pos|Gender=Neut|Number=Sing	_	_	_	@pnn1971m-words#@pnn1971m#232.883#233.152
343	перезаряжание	перезаряжание	NOUN	_	Animacy=Inan|Case=Acc|Gender=Neut|Number=Sing	_	_	_	@pnn1971m-words#@pnn1971m#233.152#233.421
344	/	/	PUNCT	_	_	_	_	_	@pnn1971m-words#@pnn1971m#233.421#233.69
345	и	и	CCONJ	_	_	_	_	_	@pnn1971m-words#@pnn1971m#233.69#233.959
346	тут	тут	ADV	_	Degree=Pos	_	_	_	@pnn1971m-words#@pnn1971m#233.959#234.228
347	же	же	PART	_	_	_	_	_	@pnn1971m-words#@pnn1971m#234.228#234.5
348	на	на	ADP	_	_	_	_	_	@pnn1971m-words#@pnn1971m#235.2#235.566
349	спусковой	спусковой	ADJ	_	Animacy=Inan|Case=Acc|Degree=Pos|Gender=Masc|Number=Sing	_	_	_	@pnn1971m-words#@pnn1971m#235.566#235.932
350	крючок	крючок	NOUN	_	Animacy=Inan|Case=Acc|Gender=Masc|Number=Sing	_	_	_	@pnn1971m-words#@pnn1971m#235.932#236.3
351	то	то	PRON	_	Animacy=Inan|Case=Nom|Gender=Neut|Number=Sing	_	_	_	@pnn1971m-words#@pnn1971m#236.4#236.786
352	есть	быть	VERB	_	Aspect=Imp|Mood=Ind|Number=Sing|Person=3|Tense=Pres|VerbForm=Fin|Voice=Act	_	_	_	@pnn1971m-words#@pnn1971m#236.786#237.172
353	вам	вы	PRON	_	Case=Dat|Number=Plur|Person=2	_	_	_	@pnn1971m-words#@pnn1971m#237.172#237.558
354	необходимо	необходимый	ADJ	_	Degree=Pos|Gender=Neut|Number=Sing|Variant=Short	_	_	_	@pnn1971m-words#@pnn1971m#237.558#237.944
355	только	только	PART	_	_	_	_	_	@pnn1971m-words#@pnn1971m#237.944#238.33
356	вести	вести	VERB	_	Aspect=Imp|VerbForm=Inf|Voice=Act	_	_	_	@pnn1971m-words#@pnn1971m#238.33#238.716
357	цель	цель	NOUN	_	Animacy=Inan|Case=Acc|Gender=Fem|Number=Sing	_	_	_	@pnn1971m-words#@pnn1971m#238.716#239.102
358	/	/	PUNCT	_	_	_	_	_	@pnn1971m-words#@pnn1971m#239.102#239.488
359	которую	который	PRON	_	Case=Acc	_	_	_	@pnn1971m-words#@pnn1971m#239.488#239.874
360	у	у	ADP	_	_	_	_	_	@pnn1971m-words#@pnn1971m#239.874#240.26
361	вас	вы	PRON	_	Case=Gen|Number=Plur|Person=2	_	_	_	@pnn1971m-words#@pnn1971m#240.26#240.646
362	допустим	допустить	VERB	_	Aspect=Perf|Mood=Ind|Number=Plur|Person=1|Tense=Fut|VerbForm=Fin|Voice=Act	_	_	_	@pnn1971m-words#@pnn1971m#240.646#241.032
363	подвижную	подвижный	ADJ	_	Case=Acc|Degree=Pos|Gender=Fem|Number=Sing	_	_	_	@pnn1971m-words#@pnn1971m#241.032#241.418
364	/	/	PUNCT	_	_	_	_	_	@pnn1971m-words#@pnn1971m#241.418#241.804
365	влево	влево	ADV	_	Degree=Pos	_	_	_	@pnn1971m-words#@pnn1971m#241.804#242.19
366	или	или	CCONJ	_	_	_	_	_	@pnn1971m-words#@pnn1971m#242.19#242.576
367	вправо	вправо	ADV	_	Degree=Pos	_	_	_	@pnn1971m-words#@pnn1971m#242.576#242.962
368	и	и	CCONJ	_	_	_	_	_	@pnn1971m-words#@pnn1971m#242.962#243.348
369	работать	работать	VERB	_	Aspect=Imp|VerbForm=Inf|Voice=Act	_	_	_	@pnn1971m-words#@pnn1971m#243.348#243.734
370	скобой	скебя	NOUN	_	Animacy=Anim|Case=Ins|Gender=Fem|Number=Sing	_	_	_	@pnn1971m-words#@pnn1971m#243.734#244.12
371	и	и	CCONJ	_	_	_	_	_	@pnn1971m-words#@pnn1971m#244.12#244.506
372	спусковым	спусковой	ADJ	_	Case=Ins|Degree=Pos|Gender=Masc|Number=Sing	_	_	_	@pnn1971m-words#@pnn1971m#244.506#244.892
373	крючком	крючок	NOUN	_	Animacy=Inan|Case=Ins|Gender=Masc|Number=Sing	_	_	_	@pnn1971m-words#@pnn1971m#244.892#245.278
374	/	/	PUNCT	_	_	_	_	_	@pnn1971m-words#@pnn1971m#245.278#245.664
375	при	при	ADP	_	_	_	_	_	@pnn1971m-words#@pnn1971m#245.664#246.05
376	этом	это	PRON	_	Animacy=Inan|Case=Loc|Gender=Neut|Number=Sing	_	_	_	@pnn1971m-words#@pnn1971m#246.05#246.436
377	пользоваться	пользоваться	VERB	_	Aspect=Imp|VerbForm=Inf|Voice=Mid	_	_	_	@pnn1971m-words#@pnn1971m#246.436#246.822
378	естественно	естественно	ADV	_	Degree=Pos	_	_	_	@pnn1971m-words#@pnn1971m#246.822#247.208
379	верхним	верхний	ADJ	_	Case=Ins|Degree=Pos|Gender=Neut|Number=Sing	_	_	_	@pnn1971m-words#@pnn1971m#247.208#247.594
380	целиком	целиком	ADV	_	Degree=Pos	_	_	_	@pnn1971m-words#@pnn1971m#247.594#248.0
381	да	да	CCONJ	_	_	_	_	_	@pnn1971m-words#@pnn1971m#251.6#252.0
382	это	это	PRON	_	Animacy=Inan|Case=Nom|Gender=Neut|Number=Sing	_	_	_	@pnn1971m-words#@pnn1971m#252.9#253.48
383	целик	целик	NOUN	_	Animacy=Inan|Case=Nom|Gender=Masc|Number=Sing	_	_	_	@pnn1971m-words#@pnn1971m#253.48#254.06
384	аутентичный	аутентичный	ADJ	_	Case=Nom|Degree=Pos|Gender=Masc|Number=Sing	_	_	_	@pnn1971m-words#@pnn1971m#254.06#254.64
385	19	19	NUM	_	_	_	_	_	@pnn1971m-words#@pnn1971m#254.64#255.22
386	века	век	NOUN	_	Animacy=Inan|Case=Gen|Gender=Masc|Number=Sing	_	_	_	@pnn1971m-words#@pnn1971m#255.22#255.8
387	ээ	ээ	NOUN	_	Animacy=Inan|Case=Gen|Gender=Fem|Number=Sing	_	_	_	@pnn1971m-words#@pnn1971m#257.0#257.45
388	/	/	PUNCT	_	_	_	_	_	@pnn1971m-words#@pnn1971m#257.45#257.9
389	его	его	DET	_	_	_	_	_	@pnn1971m-words#@pnn1971m#257.9#258.35
390	главной	главный	ADJ	_	Case=Ins|Degree=Pos|Gender=Fem|Number=Sing	_	_	_	@pnn1971m-words#@pnn1971m#258.35#258.8
391	особенностью	особенность	NOUN	_	Animacy=Inan|Case=Ins|Gender=Fem|Number=Sing	_	_	_	@pnn1971m-words#@pnn1971m#258.8#259.25
392	заключается	заключаться	VERB	_	Aspect=Imp|Mood=Ind|Number=Sing|Person=3|Tense=Pres|VerbForm=Fin|Voice=Mid	_	_	_	@pnn1971m-words#@pnn1971m#259.25#259.7
393	в	в	ADP	_	_	_	_	_	@pnn1971m-words#@pnn1971m#259.7#260.15
394	том	то	PRON	_	Animacy=Inan|Case=Loc|Gender=Neut|Number=Sing	_	_	_	@pnn1971m-words#@pnn1971m#260.15#260.6
395	/	/	PUNCT	_	_	_	_	_	@pnn1971m-words#@pnn1971m#260.6#261.05
396	что	что	SCONJ	_	_	_	_	_	@pnn1971m-words#@pnn1971m#261.05#261.5
397	он	он	PRON	_	Case=Nom|Gender=Masc|Number=Sing|Person=3	_	_	_	@pnn1971m-words#@pnn1971m#261.5#261.95
398	имеет	иметь	VERB	_	Aspect=Imp|Mood=Ind|Number=Sing|Person=3|Tense=Pres|VerbForm=Fin|Voice=Act	_	_	_	@pnn1971m-words#@pnn1971m#261.95#262.4
399	две	два	NUM	_	Animacy=Inan|Case=Acc|Gender=Fem	_	_	_	@pnn1971m-words#@pnn1971m#262.4#262.85
400	прорези	прорезе	NOUN	_	Animacy=Inan|Case=Gen|Gender=Fem|Number=Sing	_	_	_	@pnn1971m-words#@pnn1971m#262.85#263.3
401	одна	один	NUM	_	Case=Nom|Gender=Fem	_	_	_	@pnn1971m-words#@pnn1971m#263.6#263.925
402	очень	очень	ADV	_	Degree=Pos	_	_	_	@pnn1971m-words#@pnn1971m#263.925#264.25
403	очень	очень	ADV	_	Degree=Pos	_	_	_	@pnn1971m-words#@pnn1971m#264.25#264.575
404	узкая	узкий	ADJ	_	Case=Nom|Degree=Pos|Gender=Fem|Number=Sing	_	_	_	@pnn1971m-words#@pnn1971m#264.575#264.9
405	это	это	PRON	_	Animacy=Inan|Case=Nom|Gender=Neut|Number=Sing	_	_	_	@pnn1971m-words#@pnn1971m#265.1#265.429
406	для	для	ADP	_	_	_	_	_	@pnn1971m-words#@pnn1971m#265.429#265.758
407	стрельбы	стрельба	NOUN	_	Animacy=Inan|Case=Gen|Gender=Fem|Number=Sing	_	_	_	@pnn1971m-words#@pnn1971m#265.758#266.087
408	по	по	ADP	_	_	_	_	_	@pnn1971m-words#@pnn1971m#266.087#266.416
409	статичным	статичный	ADJ	_	Case=Dat|Degree=Pos|Number=Plur	_	_	_	@pnn1971m-words#@pnn1971m#266.416#266.745
410	целям	цель	NOUN	_	Animacy=Inan|Case=Dat|Gender=Fem|Number=Plur	_	_	_	@pnn1971m-words#@pnn1971m#266.745#267.074
411	/	/	PUNCT	_	_	_	_	_	@pnn1971m-words#@pnn1971m#267.074#267.403
412	чтобы	чтобы	SCONJ	_	Mood=Cnd	_	_	_	@pnn1971m-words#@pnn1971m#267.403#267.732
413	получить	получить	VERB	_	Aspect=Perf|VerbForm=Inf|Voice=Act	_	_	_	@pnn1971m-words#@pnn1971m#267.732#268.061
414	/	/	PUNCT	_	_	_	_	_	@pnn1971m-words#@pnn1971m#268.061#268.39
415	э	эра	INTJ	_	_	_	_	_	@pnn1971m-words#@pnn1971m#268.39#268.719
416	/	/	PUNCT	_	_	_	_	_	@pnn1971m-words#@pnn1971m#268.719#269.048
417	точный	точный	ADJ	_	Animacy=Inan|Case=Acc|Degree=Pos|Gender=Masc|Number=Sing	_	_	_	@pnn1971m-words#@pnn1971m#269.048#269.377
418	выстрел	выстрел	NOUN	_	Animacy=Inan|Case=Acc|Gender=Masc|Number=Sing	_	_	_	@pnn1971m-words#@pnn1971m#269.377#269.706
419	на	на	ADP	_	_	_	_	_	@pnn1971m-words#@pnn1971m#269.706#270.035
420	дальную	дальный	ADJ	_	Case=Acc|Degree=Pos|Gender=Fem|Number=Sing	_	_	_	@pnn1971m-words#@pnn1971m#270.035#270.364
421	дистанцию	дистанция	NOUN	_	Animacy=Inan|Case=Acc|Gender=Fem|Number=Sing	_	_	_	@pnn1971m-words#@pnn1971m#270.364#270.7
422	аа	ао	NOUN	_	Animacy=Inan|Case=Gen|Gender=Masc|Number=Sing	_	_	_	@pnn1971m-words#@pnn1971m#271.4#271.783
423	/	/	PUNCT	_	_	_	_	_	@pnn1971m-words#@pnn1971m#271.783#272.166
424	второй-	второй-	PUNCT	_	_	_	_	_	@pnn1971m-words#@pnn1971m#272.166#272.549
425	вторая	второй	ADJ	_	Case=Nom|Degree=Pos|Gender=Fem|Number=Sing	_	_	_	@pnn1971m-words#@pnn1971m#272.549#272.932
426	прорезь	прорезь	NOUN	_	Animacy=Inan|Case=Nom|Gender=Fem|Number=Sing	_	_	_	@pnn1971m-words#@pnn1971m#272.932#273.315
427	/	/	PUNCT	_	_	_	_	_	@pnn1971m-words#@pnn1971m#273.315#273.698
428	целик	целик	NOUN	_	Animacy=Inan|Case=Gen|Gender=Fem|Number=Plur	_	_	_	@pnn1971m-words#@pnn1971m#273.698#274.081
429	/	/	PUNCT	_	_	_	_	_	@pnn1971m-words#@pnn1971m#274.081#274.464
430	это	это	PRON	_	Animacy=Inan|Case=Nom|Gender=Neut|Number=Sing	_	_	_	@pnn1971m-words#@pnn1971m#274.464#274.847
431	так	так	ADV	_	Degree=Pos	_	_	_	@pnn1971m-words#@pnn1971m#274.847#275.23
432	называемые	называть	VERB	_	Animacy=Inan|Aspect=Imp|Case=Acc|Number=Plur|Tense=Pres|VerbForm=Part|Voice=Pass	_	_	_	@pnn1971m-words#@pnn1971m#275.23#275.613
433	рога	рог	NOUN	_	Animacy=Inan|Case=Acc|Gender=Masc|Number=Plur	_	_	_	@pnn1971m-words#@pnn1971m#275.613#276.0
434	они	они	PRON	_	Case=Nom|Number=Plur|Person=3	_	_	_	@pnn1971m-words#@pnn1971m#276.5#276.945
435	позволяют	позволять	VERB	_	Aspect=Imp|Mood=Ind|Number=Plur|Person=3|Tense=Pres|VerbForm=Fin|Voice=Act	_	_	_	@pnn1971m-words#@pnn1971m#276.945#277.39
436	вам	вы	PRON	_	Case=Dat|Number=Plur|Person=2	_	_	_	@pnn1971m-words#@pnn1971m#277.39#277.835
437	вести	вести	VERB	_	Aspect=Imp|VerbForm=Inf|Voice=Act	_	_	_	@pnn1971m-words#@pnn1971m#277.835#278.28
438	цель	цель	NOUN	_	Animacy=Inan|Case=Acc|Gender=Fem|Number=Sing	_	_	_	@pnn1971m-words#@pnn1971m#278.28#278.725
439	/	/	PUNCT	_	_	_	_	_	@pnn1971m-words#@pnn1971m#278.725#279.17
440	которая	который	PRON	_	Case=Nom	_	_	_	@pnn1971m-words#@pnn1971m#279.17#279.615
441	движется	двигаться	VERB	_	Aspect=Imp|Mood=Ind|Number=Sing|Person=3|Tense=Pres|VerbForm=Fin|Voice=Mid	_	_	_	@pnn1971m-words#@pnn1971m#279.615#280.06
442	на	на	ADP	_	_	_	_	_	@pnn1971m-words#@pnn1971m#280.06#280.505
443	короткой	короткий	ADJ	_	Case=Loc|Degree=Pos|Gender=Fem|Number=Sing	_	_	_	@pnn1971m-words#@pnn1971m#280.505#280.95
444	дистанции	дистанция	NOUN	_	Animacy=Inan|Case=Loc|Gender=Fem|Number=Sing	_	_	_	@pnn1971m-words#@pnn1971m#280.95#281.4
445	и	и	CCONJ	_	_	_	_	_	@pnn1971m-words#@pnn1971m#281.8#282.175
446	используя	использовать	VERB	_	Aspect=Imp|Tense=Pres|VerbForm=Conv|Voice=Act	_	_	_	@pnn1971m-words#@pnn1971m#282.175#282.55
447	вот	вот	PART	_	_	_	_	_	@pnn1971m-words#@pnn1971m#282.55#282.925
448	такую	такой	DET	_	Case=Acc|Gender=Fem|Number=Sing	_	_	_	@pnn1971m-words#@pnn1971m#282.925#283.3
449	латунную	латунный	ADJ	_	Case=Acc|Degree=Pos|Gender=Fem|Number=Sing	_	_	_	@pnn1971m-words#@pnn1971m#283.3#283.675
450	вставку	вставка	NOUN	_	Animacy=Inan|Case=Acc|Gender=Fem|Number=Sing	_	_	_	@pnn1971m-words#@pnn1971m#283.675#284.05
451	на	на	ADP	_	_	_	_	_	@pnn1971m-words#@pnn1971m#284.05#284.425
452	мушке	мушка	NOUN	_	Animacy=Inan|Case=Loc|Gender=Fem|Number=Sing	_	_	_	@pnn1971m-words#@pnn1971m#284.425#284.8
453	/	/	PUNCT	_	_	_	_	_	@pnn1971m-words#@pnn1971m#284.8#285.175
454	да	да	PART	_	_	_	_	_	@pnn1971m-words#@pnn1971m#285.175#285.55
455	/	/	PUNCT	_	_	_	_	_	@pnn1971m-words#@pnn1971m#285.55#285.925
456	не	не	PART	_	_	_	_	_	@pnn1971m-words#@pnn1971m#285.925#286.3
457	терять	терять	VERB	_	Aspect=Imp|VerbForm=Inf|Voice=Act	_	_	_	@pnn1971m-words#@pnn1971m#286.3#286.675
458	цель	цель	NOUN	_	Animacy=Inan|Case=Acc|Gender=Fem|Number=Sing	_	_	_	@pnn1971m-words#@pnn1971m#286.675#287.05
459	из	из	ADP	_	_	_	_	_	@pnn1971m-words#@pnn1971m#287.05#287.425
460	виду	вид	NOUN	_	Animacy=Inan|Case=Par|Gender=Masc|Number=Sing	_	_	_	@pnn1971m-words#@pnn1971m#287.425#287.8
461	кстати	кстати	ADV	_	Degree=Pos	_	_	_	@pnn1971m-words#@pnn1971m#288.0#288.571
462	в	в	ADP	_	_	_	_	_	@pnn1971m-words#@pnn1971m#288.571#289.142
463	19	19	NUM	_	_	_	_	_	@pnn1971m-words#@pnn1971m#289.142#289.713
464	веке	век	NOUN	_	Animacy=Inan|Case=Loc|Gender=Masc|Number=Sing	_	_	_	@pnn1971m-words#@pnn1971m#289.713#290.284
465	не	не	PART	_	_	_	_	_	@pnn1971m-words#@pnn1971m#290.284#290.855
466	было	быть	VERB	_	Aspect=Imp|Gender=Neut|Mood=Ind|Number=Sing|Tense=Past|VerbForm=Fin|Voice=Act	_	_	_	@pnn1971m-words#@pnn1971m#290.855#291.426
467	тритиевых	тритиевой	ADJ	_	Case=Gen|Degree=Pos|Number=Plur	_	_	_	@pnn1971m-words#@pnn1971m#291.426#291.997
468	прицельных	прицельный	ADJ	_	Case=Gen|Degree=Pos|Number=Plur	_	_	_	@pnn1971m-words#@pnn1971m#291.997#292.568
469	приспособлений	приспособление	NOUN	_	Animacy=Inan|Case=Gen|Gender=Neut|Number=Plur	_	_	_	@pnn1971m-words#@pnn1971m#292.568#293.139
470	из	из	ADP	_	_	_	_	_	@pnn1971m-words#@pnn1971m#293.139#293.71
471	световозвращающих	световозвращающий	ADJ	_	Case=Gen|Degree=Pos|Number=Plur	_	_	_	@pnn1971m-words#@pnn1971m#293.71#294.281
472	меток	метка	NOUN	_	Animacy=Inan|Case=Gen|Gender=Fem|Number=Plur	_	_	_	@pnn1971m-words#@pnn1971m#294.281#294.852
473	/	/	PUNCT	_	_	_	_	_	@pnn1971m-words#@pnn1971m#294.852#295.423
474	и	и	CCONJ	_	_	_	_	_	@pnn1971m-words#@pnn1971m#295.423#295.994
475	тем	то	PRON	_	Animacy=Inan|Case=Ins|Gender=Neut|Number=Sing	_	_	_	@pnn1971m-words#@pnn1971m#295.994#296.565
476	более	более	ADV	_	Degree=Cmp	_	_	_	@pnn1971m-words#@pnn1971m#296.565#297.136
477	калиматорных	калиматорный	ADJ	_	Case=Gen|Degree=Pos|Number=Plur	_	_	_	@pnn1971m-words#@pnn1971m#297.136#297.707
478	прицелов	прицел	NOUN	_	Animacy=Inan|Case=Gen|Gender=Masc|Number=Plur	_	_	_	@pnn1971m-words#@pnn1971m#297.707#298.278
479	/	/	PUNCT	_	_	_	_	_	@pnn1971m-words#@pnn1971m#298.278#298.849
480	поэтому	поэтому	ADV	_	Degree=Pos	_	_	_	@pnn1971m-words#@pnn1971m#298.849#299.42
481	начищенная	начищеть	VERB	_	Aspect=Perf|Case=Nom|Gender=Fem|Number=Sing|Tense=Past|VerbForm=Part|Voice=Pass	_	_	_	@pnn1971m-words#@pnn1971m#299.42#299.991
482	и	и	CCONJ	_	_	_	_	_	@pnn1971m-words#@pnn1971m#299.991#300.562
483	отполированная	отполировать	VERB	_	Aspect=Perf|Case=Nom|Gender=Fem|Number=Sing|Tense=Past|VerbForm=Part|Voice=Pass	_	_	_	@pnn1971m-words#@pnn1971m#300.562#301.133
484	латунная	латунный	ADJ	_	Case=Nom|Degree=Pos|Gender=Fem|Number=Sing	_	_	_	@pnn1971m-words#@pnn1971m#301.133#301.704
485	вставка	вставка	NOUN	_	Animacy=Inan|Case=Nom|Gender=Fem|Number=Sing	_	_	_	@pnn1971m-words#@pnn1971m#301.704#302.275
486	позволяла	позволять	VERB	_	Aspect=Imp|Gender=Fem|Mood=Ind|Number=Sing|Tense=Past|VerbForm=Fin|Voice=Act	_	_	_	@pnn1971m-words#@pnn1971m#302.275#302.846
487	лучше	хорошо	ADV	_	Degree=Cmp	_	_	_	@pnn1971m-words#@pnn1971m#302.846#303.417
488	контролировать	контролировать	VERB	_	Aspect=Imp|VerbForm=Inf|Voice=Act	_	_	_	@pnn1971m-words#@pnn1971m#303.417#303.988
489	мушку	мушка	NOUN	_	Animacy=Inan|Case=Acc|Gender=Fem|Number=Sing	_	_	_	@pnn1971m-words#@pnn1971m#303.988#304.559
490	и	и	CCONJ	_	_	_	_	_	@pnn1971m-words#@pnn1971m#304.559#305.13
491	цель	цель	NOUN	_	Animacy=Inan|Case=Nom|Gender=Fem|Number=Sing	_	_	_	@pnn1971m-words#@pnn1971m#305.13#305.701
492	при	при	ADP	_	_	_	_	_	@pnn1971m-words#@pnn1971m#305.701#306.272
493	стрельбе	стрельба	NOUN	_	Animacy=Inan|Case=Loc|Gender=Fem|Number=Sing	_	_	_	@pnn1971m-words#@pnn1971m#306.272#306.843
494	из	из	ADP	_	_	_	_	_	@pnn1971m-words#@pnn1971m#306.843#307.414
495	оружия	оружие	NOUN	_	Animacy=Inan|Case=Gen|Gender=Neut|Number=Sing	_	_	_	@pnn1971m-words#@pnn1971m#307.414#308.0
496	ээ	ээ	NOUN	_	Animacy=Inan|Case=Gen|Gender=Fem|Number=Sing	_	_	_	@pnn1971m-words#@pnn1971m#309.3#309.766
497	/	/	PUNCT	_	_	_	_	_	@pnn1971m-words#@pnn1971m#309.766#310.232
498	естественно	естественно	ADV	_	Degree=Pos	_	_	_	@pnn1971m-words#@pnn1971m#310.232#310.698
499	что	что	SCONJ	_	_	_	_	_	@pnn1971m-words#@pnn1971m#310.698#311.164
500	оно	оно	PRON	_	Case=Nom|Gender=Neut|Number=Sing|Person=3	_	_	_	@pnn1971m-words#@pnn1971m#311.164#311.63
501	выпускается	выпускать	VERB	_	Aspect=Imp|Mood=Ind|Number=Sing|Person=3|Tense=Pres|VerbForm=Fin|Voice=Mid	_	_	_	@pnn1971m-words#@pnn1971m#311.63#312.096
502	под	под	ADP	_	_	_	_	_	@pnn1971m-words#@pnn1971m#312.096#312.562
503	разные	разный	ADJ	_	Animacy=Inan|Case=Acc|Degree=Pos|Number=Plur	_	_	_	@pnn1971m-words#@pnn1971m#312.562#313.028
504	калибры	калибра	NOUN	_	Animacy=Inan|Case=Acc|Gender=Fem|Number=Plur	_	_	_	@pnn1971m-words#@pnn1971m#313.028#313.5
505	как	как	SCONJ	_	_	_	_	_	@pnn1971m-words#@pnn1971m#314.0#314.46
506	средние	средний	ADJ	_	Case=Nom|Degree=Pos|Number=Plur	_	_	_	@pnn1971m-words#@pnn1971m#314.46#314.92
507	/	/	PUNCT	_	_	_	_	_	@pnn1971m-words#@pnn1971m#314.92#315.38
508	допустим	допустить	VERB	_	Aspect=Perf|Mood=Ind|Number=Plur|Person=1|Tense=Fut|VerbForm=Fin|Voice=Act	_	_	_	@pnn1971m-words#@pnn1971m#315.38#315.84
509	/	/	PUNCT	_	_	_	_	_	@pnn1971m-words#@pnn1971m#315.84#316.3
510	38	38	NUM	_	_	_	_	_	@pnn1971m-words#@pnn1971m#316.3#316.76
511	спешл	спешл	VERB	_	Aspect=Imp|Gender=Masc|Mood=Ind|Number=Sing|Tense=Past|VerbForm=Fin|Voice=Act	_	_	_	@pnn1971m-words#@pnn1971m#316.76#317.22
512	и	и	PART	_	_	_	_	_	@pnn1971m-words#@pnn1971m#317.22#317.68
513	357	357	NUM	_	_	_	_	_	@pnn1971m-words#@pnn1971m#317.68#318.14
514	магнум	магнум	NOUN	_	Animacy=Inan|Case=Nom|Gender=Masc|Number=Sing	_	_	_	@pnn1971m-words#@pnn1971m#318.14#318.6
515	так	так	ADV	_	Degree=Pos	_	_	_	@pnn1971m-words#@pnn1971m#318.7#319.23
516	и	и	PART	_	_	_	_	_	@pnn1971m-words#@pnn1971m#319.23#319.76
517	очень	очень	ADV	_	Degree=Pos	_	_	_	@pnn1971m-words#@pnn1971m#319.76#320.29
518	мощные	мощный	ADJ	_	Animacy=Inan|Case=Acc|Degree=Pos|Number=Plur	_	_	_	@pnn1971m-words#@pnn1971m#320.29#320.82
519	боеприпасы	боеприпас	NOUN	_	Animacy=Inan|Case=Acc|Gender=Masc|Number=Plur	_	_	_	@pnn1971m-words#@pnn1971m#320.82#321.35
520	/	/	PUNCT	_	_	_	_	_	@pnn1971m-words#@pnn1971m#321.35#321.88
521	как	как	SCONJ	_	_	_	_	_	@pnn1971m-words#@pnn1971m#321.88#322.41
522	например	например	ADV	_	Degree=Pos	_	_	_	@pnn1971m-words#@pnn1971m#322.41#322.94
523	454	454	NUM	_	_	_	_	_	@pnn1971m-words#@pnn1971m#322.94#323.47
524	косу	косо	NOUN	_	Animacy=Inan|Case=Dat|Gender=Masc|Number=Sing	_	_	_	@pnn1971m-words#@pnn1971m#323.47#324.0
525	ни	ни	CCONJ	_	_	_	_	_	@pnn1971m-words#@pnn1971m#329.8#330.114
526	кабан	кабан	NOUN	_	Animacy=Inan|Case=Acc|Gender=Masc|Number=Sing	_	_	_	@pnn1971m-words#@pnn1971m#330.114#330.428
527	ни	ни	CCONJ	_	_	_	_	_	@pnn1971m-words#@pnn1971m#330.428#330.742
528	медведь	медведь	PART	_	_	_	_	_	@pnn1971m-words#@pnn1971m#330.742#331.056
529	вас	вы	PRON	_	Case=Acc|Number=Plur|Person=2	_	_	_	@pnn1971m-words#@pnn1971m#331.056#331.37
530	не	не	PART	_	_	_	_	_	@pnn1971m-words#@pnn1971m#331.37#331.684
531	засмеют	засметь	VERB	_	Aspect=Perf|Mood=Ind|Number=Plur|Person=3|Tense=Fut|VerbForm=Fin|Voice=Act	_	_	_	@pnn1971m-words#@pnn1971m#331.684#332.0
532	454	454	NUM	_	_	_	_	_	@pnn1971m-words#@pnn1971m#333.0#334.2
533	косу	коса	NOUN	_	Animacy=Anim|Case=Acc|Gender=Fem|Number=Sing	_	_	_	@pnn1971m-words#@pnn1971m#334.2#335.4
534	ээ	ээ	X	_	Foreign=Yes	_	_	_	@pnn1971m-words#@pnn1971m#336.0#336.53
535	/	/	PUNCT	_	_	_	_	_	@pnn1971m-words#@pnn1971m#336.53#337.06
536	у	у	ADP	_	_	_	_	_	@pnn1971m-words#@pnn1971m#337.06#337.59
537	него	он	PRON	_	Case=Gen|Gender=Masc|Number=Sing|Person=3	_	_	_	@pnn1971m-words#@pnn1971m#337.59#338.12
538	примерно	примерно	ADV	_	Degree=Pos	_	_	_	@pnn1971m-words#@pnn1971m#338.12#338.65
539	схожая	схожий	ADJ	_	Case=Nom|Degree=Pos|Gender=Fem|Number=Sing	_	_	_	@pnn1971m-words#@pnn1971m#338.65#339.18
540	энергия	энергия	NOUN	_	Animacy=Inan|Case=Nom|Gender=Fem|Number=Sing	_	_	_	@pnn1971m-words#@pnn1971m#339.18#339.71
541	с	с	ADP	_	_	_	_	_	@pnn1971m-words#@pnn1971m#339.71#340.24
542	распространенным	распространить	ADJ	_	Case=Ins|Degree=Pos|Gender=Masc|Number=Sing	_	_	_	@pnn1971m-words#@pnn1971m#340.24#340.77
543	охотничьим	охотничий	ADJ	_	Case=Ins|Degree=Pos|Gender=Masc|Number=Sing	_	_	_	@pnn1971m-words#@pnn1971m#340.77#341.3
544	боеприпасом	боеприпас	NOUN	_	Animacy=Inan|Case=Ins|Gender=Masc|Number=Sing	_	_	_	@pnn1971m-words#@pnn1971m#341.3#341.83
545	308	308	NUM	_	_	_	_	_	@pnn1971m-words#@pnn1971m#341.83#342.36
546	винчестер	винчестер	NOUN	_	Animacy=Inan|Case=Nom|Gender=Masc|Number=Sing	_	_	_	@pnn1971m-words#@pnn1971m#342.36#342.9
547	но	но	CCONJ	_	_	_	_	_	@pnn1971m-words#@pnn1971m#343.4#343.886
548	пуля	пуля	NOUN	_	Animacy=Inan|Case=Nom|Gender=Fem|Number=Sing	_	_	_	@pnn1971m-words#@pnn1971m#343.886#344.372
549	по	по	ADP	_	_	_	_	_	@pnn1971m-words#@pnn1971m#344.372#344.858
550	тону	тон	NOUN	_	Animacy=Inan|Case=Dat|Gender=Masc|Number=Sing	_	_	_	@pnn1971m-words#@pnn1971m#344.858#345.344
551	454	454	NUM	_	_	_	_	_	@pnn1971m-words#@pnn1971m#345.344#345.83
552	косу	коса	NOUN	_	Animacy=Inan|Case=Dat|Gender=Masc|Number=Sing	_	_	_	@pnn1971m-words#@pnn1971m#345.83#346.316
553	обладала	обладать	VERB	_	Aspect=Perf|Gender=Fem|Mood=Ind|Number=Sing|Tense=Past|VerbForm=Fin|Voice=Act	_	_	_	@pnn1971m-words#@pnn1971m#346.316#346.802
554	массой	масса	NOUN	_	Animacy=Inan|Case=Ins|Gender=Fem|Number=Sing	_	_	_	@pnn1971m-words#@pnn1971m#346.802#347.288
555	от	от	ADP	_	_	_	_	_	@pnn1971m-words#@pnn1971m#347.288#347.774
556	шести-	шести-	PUNCT	_	_	_	_	_	@pnn1971m-words#@pnn1971m#347.774#348.26
557	от	от	ADP	_	_	_	_	_	@pnn1971m-words#@pnn1971m#348.26#348.746
558	16	16	NUM	_	_	_	_	_	@pnn1971m-words#@pnn1971m#348.746#349.232
559	до	до	ADP	_	_	_	_	_	@pnn1971m-words#@pnn1971m#349.232#349.718
560	20	20	NUM	_	_	_	_	_	@pnn1971m-words#@pnn1971m#349.718#350.204
561	граммов	грамм	NOUN	_	Animacy=Inan|Case=Gen|Gender=Masc|Number=Plur	_	_	_	@pnn1971m-words#@pnn1971m#350.204#350.7
562	обладает	обладать	VERB	_	Aspect=Imp|Mood=Ind|Number=Sing|Person=3|Tense=Pres|VerbForm=Fin|Voice=Act	_	_	_	@pnn1971m-words#@pnn1971m#351.0#351.6
563	колоссальным	колоссальный	ADJ	_	Case=Ins|Degree=Pos|Gender=Neut|Number=Sing	_	_	_	@pnn1971m-words#@pnn1971m#351.6#352.2
564	останавливающим	останавливать	VERB	_	Aspect=Imp|Case=Ins|Gender=Neut|Number=Sing|Tense=Pres|VerbForm=Part|Voice=Act	_	_	_	@pnn1971m-words#@pnn1971m#352.2#352.8
565	действием	действие	NOUN	_	Animacy=Inan|Case=Ins|Gender=Neut|Number=Sing	_	_	_	@pnn1971m-words#@pnn1971m#352.8#353.4
566	на	на	ADP	_	_	_	_	_	@pnn1971m-words#@pnn1971m#353.4#354.0
567	коротких	короткий	ADJ	_	Case=Loc|Degree=Pos|Number=Plur	_	_	_	@pnn1971m-words#@pnn1971m#354.0#354.6
568	дистанциях	дистанция	NOUN	_	Animacy=Inan|Case=Loc|Gender=Fem|Number=Plur	_	_	_	@pnn1971m-words#@pnn1971m#354.6#355.2
569	поэтому	поэтому	ADV	_	Degree=Pos	_	_	_	@pnn1971m-words#@pnn1971m#355.7#356.136
570	на	на	ADP	_	_	_	_	_	@pnn1971m-words#@pnn1971m#356.136#356.572
571	дистанциях	дистанция	NOUN	_	Animacy=Inan|Case=Loc|Gender=Fem|Number=Plur	_	_	_	@pnn1971m-words#@pnn1971m#356.572#357.008
572	до	до	ADP	_	_	_	_	_	@pnn1971m-words#@pnn1971m#357.008#357.444
573	ста	сто	NUM	_	Case=Gen	_	_	_	@pnn1971m-words#@pnn1971m#357.444#357.88
574	метров	метр	NOUN	_	Animacy=Inan|Case=Gen|Gender=Masc|Number=Plur	_	_	_	@pnn1971m-words#@pnn1971m#357.88#358.316
575	/	/	PUNCT	_	_	_	_	_	@pnn1971m-words#@pnn1971m#358.316#358.752
576	э	эра	INTJ	_	_	_	_	_	@pnn1971m-words#@pnn1971m#358.752#359.188
577	/	/	PUNCT	_	_	_	_	_	@pnn1971m-words#@pnn1971m#359.188#359.624
578	высокое	высокий	ADJ	_	Case=Nom|Degree=Pos|Gender=Neut|Number=Sing	_	_	_	@pnn1971m-words#@pnn1971m#359.624#360.06
579	останавливающее	останавливать	VERB	_	Aspect=Imp|Case=Nom|Gender=Neut|Number=Sing|Tense=Pres|VerbForm=Part|Voice=Act	_	_	_	@pnn1971m-words#@pnn1971m#360.06#360.496
580	действие	действие	NOUN	_	Animacy=Inan|Case=Nom|Gender=Neut|Number=Sing	_	_	_	@pnn1971m-words#@pnn1971m#360.496#360.932
581	гарантирует	гарантировать	VERB	_	Aspect=Imp|Mood=Ind|Number=Sing|Person=3|Tense=Pres|VerbForm=Fin|Voice=Act	_	_	_	@pnn1971m-words#@pnn1971m#360.932#361.368
582	вам	вы	PRON	_	Case=Dat|Number=Plur|Person=2	_	_	_	@pnn1971m-words#@pnn1971m#361.368#361.804
583	полное	полный	ADJ	_	Case=Acc|Degree=Pos|Gender=Neut|Number=Sing	_	_	_	@pnn1971m-words#@pnn1971m#361.804#362.24
584	выведение	выведение	NOUN	_	Animacy=Inan|Case=Acc|Gender=Neut|Number=Sing	_	_	_	@pnn1971m-words#@pnn1971m#362.24#362.676
585	цели	цель	NOUN	_	Animacy=Inan|Case=Gen|Gender=Fem|Number=Sing	_	_	_	@pnn1971m-words#@pnn1971m#362.676#363.112
586	из	из	ADP	_	_	_	_	_	@pnn1971m-words#@pnn1971m#363.112#363.548
587	строя	строй	NOUN	_	Animacy=Inan|Case=Gen|Gender=Masc|Number=Sing	_	_	_	@pnn1971m-words#@pnn1971m#363.548#364.0
588	да	да	CCONJ	_	_	_	_	_	@pnn1971m-words#@pnn1971m#368.3#368.639
589	/	/	PUNCT	_	_	_	_	_	@pnn1971m-words#@pnn1971m#368.639#368.978
590	для-	для-	PUNCT	_	_	_	_	_	@pnn1971m-words#@pnn1971m#368.978#369.317
591	как	как	SCONJ	_	_	_	_	_	@pnn1971m-words#@pnn1971m#369.317#369.656
592	раз	раз	NOUN	_	Animacy=Inan|Case=Acc|Gender=Masc|Number=Sing	_	_	_	@pnn1971m-words#@pnn1971m#369.656#369.995
593	для	для	ADP	_	_	_	_	_	@pnn1971m-words#@pnn1971m#369.995#370.334
594	этого	это	PRON	_	Animacy=Inan|Case=Gen|Gender=Neut|Number=Sing	_	_	_	@pnn1971m-words#@pnn1971m#370.334#370.673
595	мы	мы	PRON	_	Case=Nom|Number=Plur|Person=1	_	_	_	@pnn1971m-words#@pnn1971m#370.673#371.012
596	припасли	припасти	VERB	_	Aspect=Perf|Mood=Ind|Number=Plur|Tense=Past|VerbForm=Fin|Voice=Act	_	_	_	@pnn1971m-words#@pnn1971m#371.012#371.351
597	патроны	патрон	NOUN	_	Animacy=Inan|Case=Acc|Gender=Masc|Number=Plur	_	_	_	@pnn1971m-words#@pnn1971m#371.351#371.69
598	/	/	PUNCT	_	_	_	_	_	@pnn1971m-words#@pnn1971m#371.69#372.029
599	чтобы	чтобы	SCONJ	_	Mood=Cnd	_	_	_	@pnn1971m-words#@pnn1971m#372.029#372.368
600	вы	вы	PRON	_	Case=Nom|Number=Plur|Person=2	_	_	_	@pnn1971m-words#@pnn1971m#372.368#372.707
601	смогли	мочь	VERB	_	Aspect=Perf|Mood=Ind|Number=Plur|Tense=Past|VerbForm=Fin|Voice=Act	_	_	_	@pnn1971m-words#@pnn1971m#372.707#373.046
602	сравнить	сровнять	VERB	_	Aspect=Perf|VerbForm=Inf|Voice=Act	_	_	_	@pnn1971m-words#@pnn1971m#373.046#373.385
603	стрельбу	стрельба	NOUN	_	Animacy=Inan|Case=Acc|Gender=Fem|Number=Sing	_	_	_	@pnn1971m-words#@pnn1971m#373.385#373.724
604	из	из	ADP	_	_	_	_	_	@pnn1971m-words#@pnn1971m#373.724#374.063
605	револьвера	револьвер	NOUN	_	Animacy=Inan|Case=Gen|Gender=Masc|Number=Sing	_	_	_	@pnn1971m-words#@pnn1971m#374.063#374.402
606	со	с	ADP	_	_	_	_	_	@pnn1971m-words#@pnn1971m#374.402#374.741
607	стрельбой	стрельба	NOUN	_	Animacy=Inan|Case=Ins|Gender=Fem|Number=Sing	_	_	_	@pnn1971m-words#@pnn1971m#374.741#375.08
608	револьверными	револьверный	ADJ	_	Case=Ins|Degree=Pos|Number=Plur	_	_	_	@pnn1971m-words#@pnn1971m#375.08#375.419
609	патронами	патрона	NOUN	_	Animacy=Inan|Case=Ins|Gender=Masc|Number=Plur	_	_	_	@pnn1971m-words#@pnn1971m#375.419#375.758
610	из	из	ADP	_	_	_	_	_	@pnn1971m-words#@pnn1971m#375.758#376.1
611	моего	мой	DET	_	Case=Gen|Gender=Masc|Number=Sing	_	_	_	@pnn1971m-words#@pnn1971m#376.1#376.55
612	карабина	карабин	NOUN	_	Animacy=Inan|Case=Gen|Gender=Masc|Number=Sing	_	_	_	@pnn1971m-words#@pnn1971m#376.55#377.0
613	я	я	PRON	_	Case=Nom|Number=Sing|Person=1	_	_	_	@pnn1971m-words#@pnn1971m#383.5#383.907
614	специально	специально	ADV	_	Degree=Pos	_	_	_	@pnn1971m-words#@pnn1971m#383.907#384.314
615	приготовил	приготовить	VERB	_	Aspect=Perf|Gender=Masc|Mood=Ind|Number=Sing|Tense=Past|VerbForm=Fin|Voice=Act	_	_	_	@pnn1971m-words#@pnn1971m#384.314#384.721
616	для	для	ADP	_	_	_	_	_	@pnn1971m-words#@pnn1971m#384.721#385.128
617	вас	вы	PRON	_	Case=Gen|Number=Plur|Person=2	_	_	_	@pnn1971m-words#@pnn1971m#385.128#385.535
618	мишени	мишень	NOUN	_	Animacy=Inan|Case=Gen|Gender=Fem|Number=Sing	_	_	_	@pnn1971m-words#@pnn1971m#385.535#385.942
619	/	/	PUNCT	_	_	_	_	_	@pnn1971m-words#@pnn1971m#385.942#386.349
620	которые	который	PRON	_	Case=Acc	_	_	_	@pnn1971m-words#@pnn1971m#386.349#386.756
621	наглядно	наглядно	ADV	_	Degree=Pos	_	_	_	@pnn1971m-words#@pnn1971m#386.756#387.163
622	покажут	показать	VERB	_	Aspect=Perf|Mood=Ind|Number=Plur|Person=3|Tense=Fut|VerbForm=Fin|Voice=Act	_	_	_	@pnn1971m-words#@pnn1971m#387.163#387.57
623	все	весь	DET	_	Case=Nom|Number=Plur	_	_	_	@pnn1971m-words#@pnn1971m#387.57#387.977
624	возможности	возможность	NOUN	_	Animacy=Inan|Case=Nom|Gender=Fem|Number=Plur	_	_	_	@pnn1971m-words#@pnn1971m#387.977#388.384
625	этого	этот	DET	_	Case=Gen|Gender=Masc|Number=Sing	_	_	_	@pnn1971m-words#@pnn1971m#388.384#388.791
626	карабина	карабин	NOUN	_	Animacy=Inan|Case=Gen|Gender=Masc|Number=Sing	_	_	_	@pnn1971m-words#@pnn1971m#388.791#389.2
627	конечно	конечно	ADV	_	Degree=Pos	_	_	_	@pnn1971m-words#@pnn1971m#392.5#392.9
628	хм	хй	ADJ	_	Case=Ins|Degree=Pos|Gender=Masc|Number=Sing	_	_	_	@ada1975m-words#@ada1975m#58.3#58.725
629	/	/	PUNCT	_	_	_	_	_	@ada1975m-words#@ada1975m#58.725#59.15
630	красивая	красивый	ADJ	_	Case=Nom|Degree=Pos|Gender=Fem|Number=Sing	_	_	_	@ada1975m-words#@ada1975m#59.15#59.575
631	вещь	вещь	NOUN	_	Animacy=Inan|Case=Nom|Gender=Fem|Number=Sing	_	_	_	@ada1975m-words#@ada1975m#59.575#60.0
632	и	и	CCONJ	_	_	_	_	_	@ada1975m-words#@ada1975m#61.0#61.211
633	легкая	легкий	ADJ	_	Case=Nom|Degree=Pos|Gender=Fem|Number=Sing	_	_	_	@ada1975m-words#@ada1975m#61.211#61.422
634	/	/	PUNCT	_	_	_	_	_	@ada1975m-words#@ada1975m#61.422#61.633
635	вот	вот	PART	_	_	_	_	_	@ada1975m-words#@ada1975m#61.633#61.844
636	за	за	ADP	_	_	_	_	_	@ada1975m-words#@ada1975m#61.844#62.055
637	счет	счет	NOUN	_	Animacy=Inan|Case=Acc|Gender=Masc|Number=Sing	_	_	_	@ada1975m-words#@ada1975m#62.055#62.266
638	чего	что	PRON	_	Case=Gen	_	_	_	@ada1975m-words#@ada1975m#62.266#62.477
639	она	она	PRON	_	Case=Nom|Gender=Fem|Number=Sing|Person=3	_	_	_	@ada1975m-words#@ada1975m#62.477#62.688
640	такая?	такая?	SYM	_	_	_	_	_	@ada1975m-words#@ada1975m#62.688#62.9
641	ааа	аа	NOUN	_	Animacy=Inan|Case=Gen|Gender=Masc|Number=Sing	_	_	_	@ada1975m-words#@ada1975m#73.2#73.4
642	я	я	PRON	_	Case=Nom|Number=Sing|Person=1	_	_	_	@ada1975m-words#@ada1975m#74.1#74.433
643	вот	вот	PART	_	_	_	_	_	@ada1975m-words#@ada1975m#74.433#74.766
644	стрелял	стрелять	VERB	_	Aspect=Imp|Gender=Masc|Mood=Ind|Number=Sing|Tense=Past|VerbForm=Fin|Voice=Act	_	_	_	@ada1975m-words#@ada1975m#74.766#75.099
645	из	из	ADP	_	_	_	_	_	@ada1975m-words#@ada1975m#75.099#75.432
646	некоторых	некоторый	DET	_	Case=Gen|Number=Plur	_	_	_	@ada1975m-words#@ada1975m#75.432#75.765
647	револьверов	револьвер	NOUN	_	Animacy=Anim|Case=Gen|Gender=Masc|Number=Plur	_	_	_	@ada1975m-words#@ada1975m#75.765#76.1
648	а	а	CCONJ	_	_	_	_	_	@ada1975m-words#@ada1975m#77.0#77.56
649	вот	вот	PART	_	_	_	_	_	@ada1975m-words#@ada1975m#77.56#78.12
650	интересно	интересный	ADJ	_	Degree=Pos|Gender=Neut|Number=Sing|Variant=Short	_	_	_	@ada1975m-words#@ada1975m#78.12#78.68
651	/	/	PUNCT	_	_	_	_	_	@ada1975m-words#@ada1975m#78.68#79.24
652	а	а	CCONJ	_	_	_	_	_	@ada1975m-words#@ada1975m#79.24#79.8
653	зачем	зачем	ADV	_	Degree=Pos	_	_	_	@ada1975m-words#@ada1975m#79.8#80.36
654	сюда	сюда	ADV	_	Degree=Pos	_	_	_	@ada1975m-words#@ada1975m#80.36#80.92
655	такие	такой	DET	_	Case=Acc|Number=Plur	_	_	_	@ada1975m-words#@ada1975m#80.92#81.48
656	вот	вот	PART	_	_	_	_	_	@ada1975m-words#@ada1975m#81.48#82.04
657	боеприпасы?	боеприпасы?	SYM	_	_	_	_	_	@ada1975m-words#@ada1975m#82.04#82.6
658	аа	а	NOUN	_	Animacy=Inan|Case=Gen|Gender=Masc|Number=Sing	_	_	_	@ada1975m-words#@ada1975m#95.3#95.35
659	ну	ну	PART	_	_	_	_	_	@ada1975m-words#@ada1975m#129.9#130.471
660	да	да	PART	_	_	_	_	_	@ada1975m-words#@ada1975m#130.471#131.042
661	/	/	PUNCT	_	_	_	_	_	@ada1975m-words#@ada1975m#131.042#131.613
662	эээ	эээ	INTJ	_	_	_	_	_	@ada1975m-words#@ada1975m#131.613#132.184
663	/	/	PUNCT	_	_	_	_	_	@ada1975m-words#@ada1975m#132.184#132.755
664	винчестер	винчестер	NOUN	_	Animacy=Inan|Case=Nom|Gender=Masc|Number=Sing	_	_	_	@ada1975m-words#@ada1975m#132.755#133.326
665	знаменитый	знаменитый	ADJ	_	Case=Nom|Degree=Pos|Gender=Masc|Number=Sing	_	_	_	@ada1975m-words#@ada1975m#133.326#133.9
666	ну	ну	PART	_	_	_	_	_	@ada1975m-words#@ada1975m#167.4#167.775
667	он	он	PRON	_	Case=Nom|Gender=Masc|Number=Sing|Person=3	_	_	_	@ada1975m-words#@ada1975m#167.775#168.15
668	наверно	наверно	ADV	_	Degree=Pos	_	_	_	@ada1975m-words#@ada1975m#168.15#168.525
669	очень	очень	ADV	_	Degree=Pos	_	_	_	@ada1975m-words#@ada1975m#168.525#168.9
670	скорострельный	скорострельный	ADJ	_	Case=Nom|Degree=Pos|Gender=Masc|Number=Sing	_	_	_	@ada1975m-words#@ada1975m#168.9#169.275
671	/	/	PUNCT	_	_	_	_	_	@ada1975m-words#@ada1975m#169.275#169.65
672	да?	да?	SYM	_	_	_	_	_	@ada1975m-words#@ada1975m#169.65#170.025
673	перезаряжать	перезаряжать	VERB	_	Aspect=Imp|VerbForm=Inf|Voice=Act	_	_	_	@ada1975m-words#@ada1975m#170.025#170.4
674	ага	ага	NOUN	_	Animacy=Inan|Case=Acc|Gender=Neut|Number=Plur	_	_	_	@ada1975m-words#@ada1975m#198.6#198.9
675	и	и	CCONJ	_	_	_	_	_	@ada1975m-words#@ada1975m#234.5#234.7
676	тут	тут	ADV	_	Degree=Pos	_	_	_	@ada1975m-words#@ada1975m#234.7#234.9
677	же	же	PART	_	_	_	_	_	@ada1975m-words#@ada1975m#234.9#235.1
678	выстрел	выстрел	NOUN	_	Animacy=Inan|Case=Acc|Gender=Masc|Number=Sing	_	_	_	@ada1975m-words#@ada1975m#235.1#235.3
679	а	а	CCONJ	_	_	_	_	_	@ada1975m-words#@ada1975m#248.7#248.95
680	/	/	PUNCT	_	_	_	_	_	@ada1975m-words#@ada1975m#248.95#249.2
681	ну	ну	PART	_	_	_	_	_	@ada1975m-words#@ada1975m#249.2#249.45
682	да	да	PART	_	_	_	_	_	@ada1975m-words#@ada1975m#249.45#249.7
683	/	/	PUNCT	_	_	_	_	_	@ada1975m-words#@ada1975m#249.7#249.95
684	тут	тут	ADV	_	Degree=Pos	_	_	_	@ada1975m-words#@ada1975m#249.95#250.2
685	две	два	NUM	_	Animacy=Inan|Case=Acc|Gender=Fem	_	_	_	@ada1975m-words#@ada1975m#250.2#250.45
686	позиции	позиция	NOUN	_	Animacy=Inan|Case=Gen|Gender=Fem|Number=Sing	_	_	_	@ada1975m-words#@ada1975m#250.45#250.7
687	по-	по-	PUNCT	_	_	_	_	_	@ada1975m-words#@ada1975m#250.7#250.95
688	получается	получаться	VERB	_	Aspect=Imp|Mood=Ind|Number=Sing|Person=3|Tense=Pres|VerbForm=Fin|Voice=Mid	_	_	_	@ada1975m-words#@ada1975m#250.95#251.2
689	на	на	ADP	_	_	_	_	_	@ada1975m-words#@ada1975m#252.1#252.45
690	целике	целика	NOUN	_	Animacy=Inan|Case=Loc|Gender=Fem|Number=Sing	_	_	_	@ada1975m-words#@ada1975m#252.45#252.8
691	но	но	CCONJ	_	_	_	_	_	@ada1975m-words#@ada1975m#324.4#324.657
692	вот	вот	PART	_	_	_	_	_	@ada1975m-words#@ada1975m#324.657#324.914
693	если	если	SCONJ	_	_	_	_	_	@ada1975m-words#@ada1975m#324.914#325.171
694	я	я	PRON	_	Case=Nom|Number=Sing|Person=1	_	_	_	@ada1975m-words#@ada1975m#325.171#325.428
695	пойду	пойти	VERB	_	Aspect=Perf|Mood=Ind|Number=Sing|Person=1|Tense=Fut|VerbForm=Fin|Voice=Act	_	_	_	@ada1975m-words#@ada1975m#325.428#325.685
696	на	на	ADP	_	_	_	_	_	@ada1975m-words#@ada1975m#325.685#325.942
697	охоту	охота	NOUN	_	Animacy=Inan|Case=Acc|Gender=Fem|Number=Sing	_	_	_	@ada1975m-words#@ada1975m#325.942#326.199
698	на	на	ADP	_	_	_	_	_	@ada1975m-words#@ada1975m#326.199#326.456
699	кабана	кабан	NOUN	_	Animacy=Anim|Case=Acc|Gender=Masc|Number=Sing	_	_	_	@ada1975m-words#@ada1975m#326.456#326.713
700	на	на	ADP	_	_	_	_	_	@ada1975m-words#@ada1975m#326.713#326.97
701	медведя	медведь	NOUN	_	Animacy=Inan|Case=Gen|Gender=Masc|Number=Sing	_	_	_	@ada1975m-words#@ada1975m#326.97#327.227
702	/	/	PUNCT	_	_	_	_	_	@ada1975m-words#@ada1975m#327.227#327.484
703	меня	я	PRON	_	Case=Acc|Number=Sing|Person=1	_	_	_	@ada1975m-words#@ada1975m#327.484#327.741
704	вот	вот	PART	_	_	_	_	_	@ada1975m-words#@ada1975m#327.741#327.998
705	на	на	ADP	_	_	_	_	_	@ada1975m-words#@ada1975m#327.998#328.255
706	самом	самый	ADJ	_	Case=Loc|Degree=Pos|Gender=Neut|Number=Sing	_	_	_	@ada1975m-words#@ada1975m#328.255#328.512
707	деле	дело	NOUN	_	Animacy=Inan|Case=Loc|Gender=Neut|Number=Sing	_	_	_	@ada1975m-words#@ada1975m#328.512#328.769
708	не	не	PART	_	_	_	_	_	@ada1975m-words#@ada1975m#328.769#329.026
709	засмеют?	засмеют?	PUNCT	_	_	_	_	_	@ada1975m-words#@ada1975m#329.026#329.3
710	да	да	CCONJ	_	_	_	_	_	@ada1975m-words#@ada1975m#332.1#332.25
711	я	я	PRON	_	Case=Nom|Number=Sing|Person=1	_	_	_	@ada1975m-words#@ada1975m#332.25#332.4
712	не	не	PART	_	_	_	_	_	@ada1975m-words#@ada1975m#332.4#332.55
713	про	про	ADP	_	_	_	_	_	@ada1975m-words#@ada1975m#332.55#332.7
714	мне	я	PRON	_	Case=Dat|Number=Sing|Person=1	_	_	_	@ada1975m-words#@ada1975m#365.5#365.84
715	уже	уже	ADV	_	Degree=Pos	_	_	_	@ada1975m-words#@ada1975m#365.84#366.18
716	не	не	PART	_	_	_	_	_	@ada1975m-words#@ada1975m#366.18#366.52
717	терпится	терпеться	VERB	_	Aspect=Perf|Mood=Ind|Number=Sing|Person=3|Tense=Fut|VerbForm=Fin|Voice=Mid	_	_	_	@ada1975m-words#@ada1975m#366.52#366.86
718	пострелять	стрелять	VERB	_	Aspect=Imp|VerbForm=Inf|Voice=Act	_	_	_	@ada1975m-words#@ada1975m#366.86#367.2
719	может	мочь	VERB	_	Aspect=Imp|Mood=Ind|Number=Sing|Person=3|Tense=Pres|VerbForm=Fin|Voice=Act	_	_	_	@ada1975m-words#@ada1975m#367.2#367.5
720	пройдем?	пройдем?	SYM	_	_	_	_	_	@ada1975m-words#@ada1975m#367.5#367.8
721	с	с	ADP	_	_	_	_	_	@ada1975m-words#@ada1975m#376.0#376.35
722	удовольствием	удовольствие	NOUN	_	Animacy=Inan|Case=Ins|Gender=Neut|Number=Sing	_	_	_	@ada1975m-words#@ada1975m#376.35#376.7
723	вот	вот	PART	_	_	_	_	_	@ada1975m-words#@ada1975m#378.7#379.2
724	она	она	PRON	_	Case=Nom|Gender=Fem|Number=Sing|Person=3	_	_	_	@ada1975m-words#@ada1975m#379.2#379.7
725	моя	мой	DET	_	Case=Nom|Gender=Fem|Number=Sing	_	_	_	@ada1975m-words#@ada1975m#379.7#380.2
726	красавица	красавица	NOUN	_	Animacy=Anim|Case=Nom|Gender=Fem|Number=Sing	_	_	_	@ada1975m-words#@ada1975m#380.2#380.7
727	щас	щас	NOUN	_	Animacy=Inan|Case=Gen|Gender=Fem|Number=Plur	_	_	_	@ada1975m-words#@ada1975m#390.4#391.25
728	проверим	проверить	VERB	_	Aspect=Imp|Mood=Ind|Number=Plur|Person=1|Tense=Pres|VerbForm=Fin|Voice=Act	_	_	_	@ada1975m-words#@ada1975m#391.25#392.1

