1;я;я;PRON;_;Case=Nom|Number=Sing|Person=1;_;_;_;@pnn1971m-words#@pnn1971m#54.8#55.177
2;вот;вот;PART;_;_;_;_;_;@pnn1971m-words#@pnn1971m#55.177#55.554
3;щас;щас;ADV;_;_;_;_;_;@pnn1971m-words#@pnn1971m#55.554#55.931
4;в;в;ADP;_;_;_;_;_;@pnn1971m-words#@pnn1971m#55.931#56.308
5;руке;рука;NOUN;_;Animacy=Inan|Case=Loc|Gender=Fem|Number=Sing;_;_;_;@pnn1971m-words#@pnn1971m#56.308#56.685
6;держу;держать;VERB;_;Aspect=Imp|Mood=Ind|Number=Sing|Person=1|Tense=Pres|VerbForm=Fin|Voice=Act;_;_;_;@pnn1971m-words#@pnn1971m#56.685#57.062
7;карабин;карабин;NOUN;_;Animacy=Inan|Case=Gen|Gender=Masc|Number=Plur;_;_;_;@pnn1971m-words#@pnn1971m#57.062#57.439
8;ROSSI;ROSSI;PROPN;_;Foreign=Yes;_;_;_;@pnn1971m-words#@pnn1971m#57.439#57.816
9;92;92;NUM;_;_;_;_;_;@pnn1971m-words#@pnn1971m#57.816#58.2
10;исключительно;исключительно;ADV;_;_;_;_;_;@pnn1971m-words#@pnn1971m#63.8#64.283
11;за;за;ADP;_;_;_;_;_;@pnn1971m-words#@pnn1971m#64.283#64.766
12;счет;счет;NOUN;_;Animacy=Inan|Case=Acc|Gender=Masc|Number=Sing;_;_;_;@pnn1971m-words#@pnn1971m#64.766#65.249
13;использованиЯ;использование;NOUN;_;Animacy=Inan|Case=Gen|Gender=Neut|Number=Sing;_;_;_;@pnn1971m-words#@pnn1971m#65.249#65.732
14;револьверных;револьверный;ADJ;_;Case=Gen|Degree=Pos|Number=Plur;_;_;_;@pnn1971m-words#@pnn1971m#65.732#66.215
15;боеприпасов;боеприпас;NOUN;_;Animacy=Inan|Case=Gen|Gender=Masc|Number=Plur;_;_;_;@pnn1971m-words#@pnn1971m#66.215#66.7
16;то есть;то есть;ADV;_;_;_;_;_;@pnn1971m-words#@pnn1971m#67.9#68.194
17;те;тот;DET;_;Case=Nom|Number=Plur;_;_;_;@pnn1971m-words#@pnn1971m#68.488#68.782
18;боеприпасы;боеприпас;NOUN;_;Animacy=Inan|Case=Nom|Gender=Masc|Number=Plur;_;_;_;@pnn1971m-words#@pnn1971m#68.782#69.076
19;/;/;PUNCT;_;_;_;_;_;@pnn1971m-words#@pnn1971m#69.076#69.37
20;которые;который;PRON;_;Case=Nom;_;_;_;@pnn1971m-words#@pnn1971m#69.37#69.664
21;используютсЯ;использовать;VERB;_;Aspect=Imp|Mood=Ind|Number=Plur|Person=3|Tense=Pres|VerbForm=Fin|Voice=Pass;_;_;_;@pnn1971m-words#@pnn1971m#69.664#69.958
22;в;в;ADP;_;_;_;_;_;@pnn1971m-words#@pnn1971m#69.958#70.252
23;короткоствольном;короткоствольный;ADJ;_;Case=Loc|Degree=Pos|Gender=Neut|Number=Sing;_;_;_;@pnn1971m-words#@pnn1971m#70.252#70.546
24;оружии;оружие;NOUN;_;Animacy=Inan|Case=Loc|Gender=Neut|Number=Sing;_;_;_;@pnn1971m-words#@pnn1971m#70.546#70.84
25;/;/;PUNCT;_;_;_;_;_;@pnn1971m-words#@pnn1971m#70.84#71.134
26;в;в;ADP;_;_;_;_;_;@pnn1971m-words#@pnn1971m#71.134#71.428
27;револьверах;револьвер;NOUN;_;Animacy=Inan|Case=Loc|Gender=Masc|Number=Plur;_;_;_;@pnn1971m-words#@pnn1971m#71.428#71.722
28;/;/;PUNCT;_;_;_;_;_;@pnn1971m-words#@pnn1971m#71.722#72.016
29;применЯютсЯ;применЯтьсЯ;VERB;_;Aspect=Imp|Mood=Ind|Number=Plur|Person=3|Tense=Pres|VerbForm=Fin|Voice=Pass;_;_;_;@pnn1971m-words#@pnn1971m#72.016#72.31
30;и;и;CCONJ;_;_;_;_;_;@pnn1971m-words#@pnn1971m#72.31#72.604
31;в;в;ADP;_;_;_;_;_;@pnn1971m-words#@pnn1971m#72.604#72.898
32;карабине;карабина;NOUN;_;Animacy=Inan|Case=Loc|Gender=Fem|Number=Sing;_;_;_;@pnn1971m-words#@pnn1971m#72.898#73.2
33;если;если;SCONJ;_;_;_;_;_;@pnn1971m-words#@pnn1971m#83.0#83.318
34;стрелЯли;стрелЯть;VERB;_;Aspect=Imp|Mood=Ind|Number=Plur|Tense=Past|VerbForm=Fin|Voice=Act;_;_;_;@pnn1971m-words#@pnn1971m#83.318#83.636
35;из;из;ADP;_;_;_;_;_;@pnn1971m-words#@pnn1971m#83.636#83.954
36;мощных;мощный;ADJ;_;Case=Gen|Degree=Pos|Number=Plur;_;_;_;@pnn1971m-words#@pnn1971m#83.954#84.272
37;револьверов;револьвер;NOUN;_;Animacy=Inan|Case=Gen|Gender=Masc|Number=Plur;_;_;_;@pnn1971m-words#@pnn1971m#84.272#84.59
38;/;/;PUNCT;_;_;_;_;_;@pnn1971m-words#@pnn1971m#84.59#84.908
39;то;то;SCONJ;_;_;_;_;_;@pnn1971m-words#@pnn1971m#84.908#85.226
40;наверное;наверное;ADV;_;_;_;_;_;@pnn1971m-words#@pnn1971m#85.226#85.544
41;помните;помнить;VERB;_;Aspect=Imp|Mood=Ind|Number=Plur|Person=2|Tense=Pres|VerbForm=Fin|Voice=Act;_;_;_;@pnn1971m-words#@pnn1971m#85.544#85.862
42;/;/;PUNCT;_;_;_;_;_;@pnn1971m-words#@pnn1971m#85.862#86.18
43;какаЯ;какой;DET;_;Case=Nom|Gender=Fem|Number=Sing;_;_;_;@pnn1971m-words#@pnn1971m#86.18#86.498
44;там;там;ADV;_;Degree=Pos;_;_;_;@pnn1971m-words#@pnn1971m#86.498#86.816
45;отдача;отдача;NOUN;_;Animacy=Inan|Case=Nom|Gender=Fem|Number=Sing;_;_;_;@pnn1971m-words#@pnn1971m#86.816#87.134
46;/;/;PUNCT;_;_;_;_;_;@pnn1971m-words#@pnn1971m#87.134#87.452
47;то;то;PRON;_;Animacy=Inan|Case=Nom|Gender=Neut|Number=Sing;_;_;_;@pnn1971m-words#@pnn1971m#87.452#87.77
48;есть;быть;VERB;_;Aspect=Imp|Mood=Ind|Number=Sing|Person=3|Tense=Pres|VerbForm=Fin|Voice=Act;_;_;_;@pnn1971m-words#@pnn1971m#87.77#88.088
49;приходитсЯ;приходитьсЯ;VERB;_;Aspect=Imp|Mood=Ind|Number=Sing|Person=3|Tense=Pres|VerbForm=Fin|Voice=Mid;_;_;_;@pnn1971m-words#@pnn1971m#88.088#88.406
50;заново;заново;ADV;_;Degree=Pos;_;_;_;@pnn1971m-words#@pnn1971m#88.406#88.724
51;наводить;наводить;VERB;_;Aspect=Imp|VerbForm=Inf|Voice=Act;_;_;_;@pnn1971m-words#@pnn1971m#88.724#89.042
52;оружие;оружие;NOUN;_;Animacy=Inan|Case=Acc|Gender=Neut|Number=Sing;_;_;_;@pnn1971m-words#@pnn1971m#89.042#89.36
53;на;на;ADP;_;_;_;_;_;@pnn1971m-words#@pnn1971m#89.36#89.678
54;цель;цель;NOUN;_;Animacy=Inan|Case=Acc|Gender=Fem|Number=Sing;_;_;_;@pnn1971m-words#@pnn1971m#89.678#90.0
55;ээ;ээ;INTJ;_;_;_;_;_;@pnn1971m-words#@pnn1971m#90.5#90.869
56;/;/;PUNCT;_;_;_;_;_;@pnn1971m-words#@pnn1971m#90.869#91.238
57;поскольку;поскольку;SCONJ;_;_;_;_;_;@pnn1971m-words#@pnn1971m#91.238#91.607
58;данный;данный;ADJ;_;Case=Nom|Degree=Pos|Gender=Masc|Number=Sing;_;_;_;@pnn1971m-words#@pnn1971m#91.607#91.976
59;карабин;карабин;NOUN;_;Animacy=Anim|Case=Nom|Gender=Masc|Number=Sing;_;_;_;@pnn1971m-words#@pnn1971m#91.976#92.345
60;весит;весить;VERB;_;Aspect=Imp|Mood=Ind|Number=Sing|Person=3|Tense=Pres|VerbForm=Fin|Voice=Act;_;_;_;@pnn1971m-words#@pnn1971m#92.345#92.714
61;2;2;NUM;_;_;_;_;_;@pnn1971m-words#@pnn1971m#92.714#93.083
62;килограмма;килограмм;NOUN;_;Animacy=Inan|Case=Gen|Gender=Masc|Number=Sing;_;_;_;@pnn1971m-words#@pnn1971m#93.083#93.452
63;200;200;NUM;_;_;_;_;_;@pnn1971m-words#@pnn1971m#93.452#93.821
64;грамм;грамм;NOUN;_;Animacy=Inan|Case=Gen|Gender=Masc|Number=Sing;_;_;_;@pnn1971m-words#@pnn1971m#93.821#94.19
65;/;/;PUNCT;_;_;_;_;_;@pnn1971m-words#@pnn1971m#94.19#94.559
66;имеет;иметь;VERB;_;Aspect=Imp|Mood=Ind|Number=Sing|Person=3|Tense=Pres|VerbForm=Fin|Voice=Act;_;_;_;@pnn1971m-words#@pnn1971m#94.559#94.928
67;приклад;приклад;NOUN;_;Animacy=Inan|Case=Acc|Gender=Masc|Number=Sing;_;_;_;@pnn1971m-words#@pnn1971m#94.928#95.3
68;то;то;SCONJ;_;_;_;_;_;@pnn1971m-words#@pnn1971m#95.8#96.231
69;соответственно;соответственно;ADV;_;Degree=Pos;_;_;_;@pnn1971m-words#@pnn1971m#96.231#96.662
70;эта;этот;DET;_;Case=Nom|Gender=Fem|Number=Sing;_;_;_;@pnn1971m-words#@pnn1971m#96.662#97.093
71;отдача;отдача;NOUN;_;Animacy=Inan|Case=Nom|Gender=Fem|Number=Sing;_;_;_;@pnn1971m-words#@pnn1971m#97.093#97.524
72;распределЯетсЯ;распределЯтьсЯ;VERB;_;Aspect=Imp|Mood=Ind|Number=Sing|Person=3|Tense=Pres|VerbForm=Fin|Voice=Mid;_;_;_;@pnn1971m-words#@pnn1971m#97.524#97.955
73;по;по;ADP;_;_;_;_;_;@pnn1971m-words#@pnn1971m#97.955#98.386
74;всей;весь;DET;_;Case=Dat|Gender=Fem|Number=Sing;_;_;_;@pnn1971m-words#@pnn1971m#98.386#98.817
75;длине;длина;NOUN;_;Animacy=Inan|Case=Dat|Gender=Fem|Number=Sing;_;_;_;@pnn1971m-words#@pnn1971m#98.817#99.248
76;и;и;CCONJ;_;_;_;_;_;@pnn1971m-words#@pnn1971m#99.248#99.679
77;массе;масса;NOUN;_;Animacy=Inan|Case=Dat|Gender=Fem|Number=Sing;_;_;_;@pnn1971m-words#@pnn1971m#99.679#100.11
78;карабина;карабин;NOUN;_;Animacy=Inan|Case=Gen|Gender=Masc|Number=Sing;_;_;_;@pnn1971m-words#@pnn1971m#100.11#100.541
79;и;и;CCONJ;_;_;_;_;_;@pnn1971m-words#@pnn1971m#100.541#100.972
80;позволЯет;позволЯть;VERB;_;Aspect=Imp|Mood=Ind|Number=Sing|Person=3|Tense=Pres|VerbForm=Fin|Voice=Act;_;_;_;@pnn1971m-words#@pnn1971m#100.972#101.403
81;более;более;ADV;_;Degree=Cmp;_;_;_;@pnn1971m-words#@pnn1971m#101.403#101.834
82;точно;точно;ADV;_;Degree=Pos;_;_;_;@pnn1971m-words#@pnn1971m#101.834#102.265
83;стрелЯть;стрелЯть;VERB;_;Aspect=Imp|VerbForm=Inf|Voice=Act;_;_;_;@pnn1971m-words#@pnn1971m#102.265#102.696
84;мощными;мощный;ADJ;_;Case=Ins|Degree=Pos|Number=Plur;_;_;_;@pnn1971m-words#@pnn1971m#102.696#103.127
85;револьверными;револьверный;ADJ;_;Case=Ins|Degree=Pos|Number=Plur;_;_;_;@pnn1971m-words#@pnn1971m#103.127#103.558
86;боеприпасами;боеприпас;NOUN;_;Animacy=Inan|Case=Ins|Gender=Masc|Number=Plur;_;_;_;@pnn1971m-words#@pnn1971m#103.558#104.0
87;то есть;то есть;ADV;_;_;_;_;_;@pnn1971m-words#@pnn1971m#104.9#105.378
88;это;это;PRON;_;Animacy=Inan|Case=Nom|Gender=Neut|Number=Sing;_;_;_;@pnn1971m-words#@pnn1971m#105.856#106.334
89;добавлЯет;добавлЯть;VERB;_;Aspect=Imp|Mood=Ind|Number=Sing|Person=3|Tense=Pres|VerbForm=Fin|Voice=Act;_;_;_;@pnn1971m-words#@pnn1971m#106.334#106.812
90;останав-;останавливающее;VERB;_;Aspect=Imp|Case=Acc|Gender=Neut|Number=Sing|Tense=Pres|VerbForm=Part|Voice=Act;_;_;_;@pnn1971m-words#@pnn1971m#106.812#107.29
91;высокое;высокий;ADJ;_;Case=Acc|Degree=Pos|Gender=Neut|Number=Sing;_;_;_;@pnn1971m-words#@pnn1971m#107.29#107.768
92;останавливающее;останавливать;VERB;_;Aspect=Imp|Case=Acc|Gender=Neut|Number=Sing|Tense=Pres|VerbForm=Part|Voice=Act;_;_;_;@pnn1971m-words#@pnn1971m#107.768#108.246
93;действие;действие;NOUN;_;Animacy=Inan|Case=Acc|Gender=Neut|Number=Sing;_;_;_;@pnn1971m-words#@pnn1971m#108.246#108.724
94;на;на;ADP;_;_;_;_;_;@pnn1971m-words#@pnn1971m#108.724#109.202
95;дистанциЯх;дистанциЯ;NOUN;_;Animacy=Inan|Case=Loc|Gender=Fem|Number=Plur;_;_;_;@pnn1971m-words#@pnn1971m#109.202#109.68
96;до;до;ADP;_;_;_;_;_;@pnn1971m-words#@pnn1971m#109.68#110.158
97;100;100;NUM;_;_;_;_;_;@pnn1971m-words#@pnn1971m#110.158#110.636
98;метров;метр;NOUN;_;Animacy=Inan|Case=Gen|Gender=Masc|Number=Plur;_;_;_;@pnn1971m-words#@pnn1971m#110.636#111.114
99;/;/;PUNCT;_;_;_;_;_;@pnn1971m-words#@pnn1971m#111.114#111.592
100;и;и;CCONJ;_;_;_;_;_;@pnn1971m-words#@pnn1971m#111.592#112.07
101;естественно;естественный;ADV;_;_;_;_;_;@pnn1971m-words#@pnn1971m#112.07#112.548
102;за;за;ADP;_;_;_;_;_;@pnn1971m-words#@pnn1971m#112.548#113.026
103;счет;счет;NOUN;_;Animacy=Inan|Case=Acc|Gender=Masc|Number=Sing;_;_;_;@pnn1971m-words#@pnn1971m#113.026#113.504
104;короткого;короткий;ADJ;_;Case=Gen|Degree=Pos|Gender=Masc|Number=Sing;_;_;_;@pnn1971m-words#@pnn1971m#113.504#113.982
105;револьверного;револьверный;ADJ;_;Case=Gen|Degree=Pos|Gender=Masc|Number=Sing;_;_;_;@pnn1971m-words#@pnn1971m#113.982#114.46
106;боеприпаса;боеприпас;NOUN;_;Animacy=Inan|Case=Gen|Gender=Masc|Number=Sing;_;_;_;@pnn1971m-words#@pnn1971m#114.46#114.938
107;позволЯет;позволЯть;VERB;_;Aspect=Imp|Mood=Ind|Number=Sing|Person=3|Tense=Pres|VerbForm=Fin|Voice=Act;_;_;_;@pnn1971m-words#@pnn1971m#114.938#115.416
108;иметь;иметь;VERB;_;Aspect=Imp|VerbForm=Inf|Voice=Act;_;_;_;@pnn1971m-words#@pnn1971m#115.416#115.894
109;емкость;емкость;NOUN;_;Animacy=Inan|Case=Acc|Gender=Fem|Number=Sing;_;_;_;@pnn1971m-words#@pnn1971m#115.894#116.372
110;магазина;магазин;NOUN;_;Animacy=Inan|Case=Gen|Gender=Masc|Number=Sing;_;_;_;@pnn1971m-words#@pnn1971m#116.372#116.85
111;до;до;ADP;_;_;_;_;_;@pnn1971m-words#@pnn1971m#116.85#117.328
112;10;10;NUM;_;_;_;_;_;@pnn1971m-words#@pnn1971m#117.328#117.806
113;патронов;патрон;NOUN;_;Animacy=Inan|Case=Gen|Gender=Masc|Number=Plur;_;_;_;@pnn1971m-words#@pnn1971m#117.806#118.3
114;то есть;то есть;ADV;_;_;_;_;_;@pnn1971m-words#@pnn1971m#119.0#119.375
115;это;это;PRON;_;Animacy=Inan|Case=Nom|Gender=Neut|Number=Sing;_;_;_;@pnn1971m-words#@pnn1971m#119.75#120.125
116;немаловажно;немаловажно;ADV;_;_;_;_;_;@pnn1971m-words#@pnn1971m#120.125#120.5
117;кстати;кстати;ADV;_;_;_;_;_;@pnn1971m-words#@pnn1971m#121.3#121.752
118;/;/;PUNCT;_;_;_;_;_;@pnn1971m-words#@pnn1971m#121.752#122.204
119;обратите;обратить;VERB;_;Aspect=Imp|Mood=Ind|Number=Plur|Person=2|Tense=Pres|VerbForm=Fin|Voice=Act;_;_;_;@pnn1971m-words#@pnn1971m#122.204#122.656
120;внимание;внимание;NOUN;_;Animacy=Inan|Case=Acc|Gender=Neut|Number=Sing;_;_;_;@pnn1971m-words#@pnn1971m#122.656#123.108
121;/;/;PUNCT;_;_;_;_;_;@pnn1971m-words#@pnn1971m#123.108#123.56
122;что;что;SCONJ;_;_;_;_;_;@pnn1971m-words#@pnn1971m#123.56#124.012
123;карабины;карабин;NOUN;_;Animacy=Inan|Case=Nom|Gender=Fem|Number=Plur;_;_;_;@pnn1971m-words#@pnn1971m#124.012#124.464
124;оборудованы;оборудовать;VERB;_;Aspect=Perf|Number=Plur|Tense=Past|Variant=Short|VerbForm=Part|Voice=Pass;_;_;_;@pnn1971m-words#@pnn1971m#124.464#124.916
125;скобой;скоба;NOUN;_;Animacy=Inan|Case=Ins|Gender=Fem|Number=Sing;_;_;_;@pnn1971m-words#@pnn1971m#124.916#125.368
126;ѓенри;ѓенри;PROPN;_;Animacy=Anim|Case=Ins|Gender=Masc|Number=Sing;_;_;_;@pnn1971m-words#@pnn1971m#125.368#125.82
127;/;/;PUNCT;_;_;_;_;_;@pnn1971m-words#@pnn1971m#125.82#126.272
128;то есть;то есть;ADV;_;_;_;_;_;@pnn1971m-words#@pnn1971m#126.272#126.724
129;изобретением;изобретений;NOUN;_;Animacy=Inan|Case=Ins|Gender=Neut|Number=Sing;_;_;_;@pnn1971m-words#@pnn1971m#127.176#127.628
130;конца;конец;NOUN;_;Animacy=Inan|Case=Gen|Gender=Masc|Number=Sing;_;_;_;@pnn1971m-words#@pnn1971m#127.628#128.08
131;19;19;NUM;_;_;_;_;_;@pnn1971m-words#@pnn1971m#128.08#128.532
132;века;век;NOUN;_;Animacy=Inan|Case=Gen|Gender=Masc|Number=Sing;_;_;_;@pnn1971m-words#@pnn1971m#128.532#129.0
133;да;да;INTG;_;_;_;_;_;@pnn1971m-words#@pnn1971m#133.0#133.44
134;/;/;PUNCT;_;_;_;_;_;@pnn1971m-words#@pnn1971m#133.44#133.88
135;вы;вы;PRON;_;Case=Nom|Number=Plur|Person=2;_;_;_;@pnn1971m-words#@pnn1971m#133.88#134.32
136;абсолютно;абсолютно;ADV;_;_;_;_;_;@pnn1971m-words#@pnn1971m#134.32#134.76
137;правы;правый;ADJ;_;Degree=Pos|Number=Plur|Variant=Short;_;_;_;@pnn1971m-words#@pnn1971m#134.76#135.2
138;ROSSI;ROSSI;PROPN;_;Foreign=Yes;_;_;_;@pnn1971m-words#@pnn1971m#135.6#136.1
139;модель;модель;NOUN;_;Animacy=Inan|Case=Nom|Gender=Fem|Number=Sing;_;_;_;@pnn1971m-words#@pnn1971m#136.1#136.6
140;92;92;NUM;_;_;_;_;_;@pnn1971m-words#@pnn1971m#136.6#137.1
141;это;это;PRON;_;Animacy=Inan|Case=Nom|Gender=Neut|Number=Sing;_;_;_;@pnn1971m-words#@pnn1971m#137.1#137.6
142;и;и;PART;_;_;_;_;_;@pnn1971m-words#@pnn1971m#137.6#138.1
143;есть;быть;AUX;_;Aspect=Imp|Mood=Ind|Number=Sing|Person=3|Tense=Pres|VerbForm=Fin|Voice=Act;_;_;_;@pnn1971m-words#@pnn1971m#138.1#138.6
144;современнаЯ;современный;ADJ;_;Case=Nom|Degree=Pos|Gender=Fem|Number=Sing;_;_;_;@pnn1971m-words#@pnn1971m#138.6#139.1
145;реплика;реплика;NOUN;_;Animacy=Inan|Case=Nom|Gender=Fem|Number=Sing;_;_;_;@pnn1971m-words#@pnn1971m#139.1#139.6
146;винчестера;винчестер;NOUN;_;Animacy=Inan|Case=Gen|Gender=Masc|Number=Sing;_;_;_;@pnn1971m-words#@pnn1971m#139.6#140.1
147;1892;1892;NUM;_;_;_;_;_;@pnn1971m-words#@pnn1971m#140.1#140.6
148;года;год;NOUN;_;Animacy=Inan|Case=Gen|Gender=Masc|Number=Sing;_;_;_;@pnn1971m-words#@pnn1971m#140.6#141.1
149;/;/;PUNCT;_;_;_;_;_;@pnn1971m-words#@pnn1971m#141.1#141.6
150;ээ;ээ;INTJ;_;_;_;_;_;@pnn1971m-words#@pnn1971m#141.6#142.1
151;/;/;PUNCT;_;_;_;_;_;@pnn1971m-words#@pnn1971m#142.1#142.6
152;в;в;ADP;_;_;_;_;_;@pnn1971m-words#@pnn1971m#142.6#143.1
153;конструкцию;конструкциЯ;NOUN;_;Animacy=Inan|Case=Acc|Gender=Fem|Number=Sing;_;_;_;@pnn1971m-words#@pnn1971m#143.1#143.6
154;которого;который;PRON;_;Case=Gen;_;_;_;@pnn1971m-words#@pnn1971m#143.6#144.1
155;вложил;вложить;VERB;_;Aspect=Perf|Gender=Masc|Mood=Ind|Number=Sing|Tense=Past|VerbForm=Fin|Voice=Act;_;_;_;@pnn1971m-words#@pnn1971m#144.1#144.6
156;свою;свой;DET;_;Case=Acc|Gender=Fem|Number=Sing;_;_;_;@pnn1971m-words#@pnn1971m#144.6#145.1
157;руку;рука;NOUN;_;Animacy=Inan|Case=Acc|Gender=Fem|Number=Sing;_;_;_;@pnn1971m-words#@pnn1971m#145.1#145.6
158;великий;великий;ADJ;_;Case=Nom|Degree=Pos|Gender=Masc|Number=Sing;_;_;_;@pnn1971m-words#@pnn1971m#145.6#146.1
159;конструктор;конструктор;NOUN;_;Animacy=Anim|Case=Nom|Gender=Masc|Number=Sing;_;_;_;@pnn1971m-words#@pnn1971m#146.1#146.6
160;„жон;„жон;PROPN;_;Animacy=Anim|Case=Nom|Gender=Masc|Number=Sing;_;_;_;@pnn1971m-words#@pnn1971m#146.6#147.1
161;Њозес;Њозес;PROPN;_;Animacy=Anim|Case=Nom|Gender=Masc|Number=Sing;_;_;_;@pnn1971m-words#@pnn1971m#147.1#147.6
162;Ѓраунинг;Ѓраунинг;PROPN;_;Animacy=Anim|Case=Nom|Gender=Masc|Number=Sing;_;_;_;@pnn1971m-words#@pnn1971m#147.6#148.1
163;соответственно;соответственно;ADV;_;_;_;_;_;@pnn1971m-words#@pnn1971m#148.7#149.316
164;он;он;PRON;_;Case=Nom|Gender=Masc|Number=Sing|Person=3;_;_;_;@pnn1971m-words#@pnn1971m#149.316#149.932
165;очень;очень;ADV;_;_;_;_;_;@pnn1971m-words#@pnn1971m#149.932#150.548
166;сильно;сильно;ADV;_;Degree=Pos;_;_;_;@pnn1971m-words#@pnn1971m#150.548#151.164
167;упростил;упростить;VERB;_;Aspect=Perf|Gender=Masc|Mood=Ind|Number=Sing|Tense=Past|VerbForm=Fin|Voice=Act;_;_;_;@pnn1971m-words#@pnn1971m#151.164#151.78
168;конструкцию;конструкциЯ;NOUN;_;Animacy=Inan|Case=Acc|Gender=Fem|Number=Sing;_;_;_;@pnn1971m-words#@pnn1971m#151.78#152.396
169;оружиЯ;оружие;NOUN;_;Animacy=Inan|Case=Gen|Gender=Neut|Number=Sing;_;_;_;@pnn1971m-words#@pnn1971m#152.396#153.012
170;под;под;ADP;_;_;_;_;_;@pnn1971m-words#@pnn1971m#153.012#153.628
171;револьверные;револьверный;ADJ;_;Animacy=Inan|Case=Acc|Degree=Pos|Number=Plur;_;_;_;@pnn1971m-words#@pnn1971m#153.628#154.244
172;боеприпасы;боеприпас;NOUN;_;Animacy=Inan|Case=Acc|Gender=Masc|Number=Plur;_;_;_;@pnn1971m-words#@pnn1971m#154.244#154.86
173;скобой;скоба;NOUN;_;Case=Gen|Degree=Pos|Gender=Fem|Number=Sing;_;_;_;@pnn1971m-words#@pnn1971m#154.86#155.476
174;ѓенри;ѓенри;PROPN;_;Animacy=Anim|Case=Nom|Gender=Masc|Number=Sing;_;_;_;@pnn1971m-words#@pnn1971m#155.476#156.1
175;сделал;делать;VERB;_;Aspect=Perf|Gender=Masc|Mood=Ind|Number=Sing|Tense=Past|VerbForm=Fin|Voice=Act;_;_;_;@pnn1971m-words#@pnn1971m#156.5#156.814
176;ее;она;PRON;_;Case=Acc|Gender=Fem|Number=Sing|Person=3;_;_;_;@pnn1971m-words#@pnn1971m#156.814#157.128
177;более;более;ADV;_;Degree=Cmp;_;_;_;@pnn1971m-words#@pnn1971m#157.128#157.442
178;прочной;прочный;ADJ;_;Case=Ins|Degree=Pos|Gender=Fem|Number=Sing;_;_;_;@pnn1971m-words#@pnn1971m#157.442#157.756
179;и;и;CCONJ;_;_;_;_;_;@pnn1971m-words#@pnn1971m#157.756#158.07
180;более;более;ADV;_;Degree=Cmp;_;_;_;@pnn1971m-words#@pnn1971m#158.07#158.384
181;надежной;надежный;ADJ;_;Case=Ins|Degree=Pos|Gender=Fem|Number=Sing;_;_;_;@pnn1971m-words#@pnn1971m#158.384#158.7
182;поэтому;поэтому;ADV;_;_;_;_;_;@pnn1971m-words#@pnn1971m#159.0#159.433
183;по;по;ADP;_;_;_;_;_;@pnn1971m-words#@pnn1971m#159.433#159.866
184;сей;сей;DET;_;Case=Acc|Gender=Masc|Number=Sing;_;_;_;@pnn1971m-words#@pnn1971m#159.866#160.299
185;день;день;NOUN;_;Animacy=Inan|Case=Acc|Gender=Masc|Number=Sing;_;_;_;@pnn1971m-words#@pnn1971m#160.299#160.732
186;выпускаютсЯ;выпускать;VERB;_;Aspect=Imp|Mood=Ind|Number=Plur|Person=3|Tense=Pres|VerbForm=Fin|Voice=Pass;_;_;_;@pnn1971m-words#@pnn1971m#160.732#161.165
187;реплики;реплика;NOUN;_;Animacy=Inan|Case=Nom|Gender=Fem|Number=Plur;_;_;_;@pnn1971m-words#@pnn1971m#161.165#161.598
188;модели;модель;NOUN;_;Animacy=Inan|Case=Gen|Gender=Fem|Number=Sing;_;_;_;@pnn1971m-words#@pnn1971m#161.598#162.031
189;92;92;NUM;_;_;_;_;_;@pnn1971m-words#@pnn1971m#162.031#162.464
190;/;/;PUNCT;_;_;_;_;_;@pnn1971m-words#@pnn1971m#162.464#162.897
191;и;и;CCONJ;_;_;_;_;_;@pnn1971m-words#@pnn1971m#162.897#163.33
192;одна;один;NUM;_;Case=Nom|Gender=Masc|Number=Sing;_;_;_;@pnn1971m-words#@pnn1971m#163.33#163.763
193;из;из;ADP;_;_;_;_;_;@pnn1971m-words#@pnn1971m#163.763#164.196
194;них;они;PRON;_;Case=Gen|Number=Plur|Person=3;_;_;_;@pnn1971m-words#@pnn1971m#164.196#164.629
195;это;это;PRON;_;Animacy=Inan|Case=Nom|Gender=Neut|Number=Sing;_;_;_;@pnn1971m-words#@pnn1971m#164.629#165.062
196;ROSSI;ROSSI;PROPN;_;Foreign=Yes;_;_;_;@pnn1971m-words#@pnn1971m#165.062#165.5
197;да;да;INTJ;_;_;_;_;_;@pnn1971m-words#@pnn1971m#171.0#171.24
198;/;/;PUNCT;_;_;_;_;_;@pnn1971m-words#@pnn1971m#171.24#171.48
199;вы;вы;PRON;_;Case=Nom|Number=Plur|Person=2;_;_;_;@pnn1971m-words#@pnn1971m#171.48#171.72
200;абсолютно;абсолютно;ADV;_;_;_;_;_;@pnn1971m-words#@pnn1971m#171.72#171.96
201;правы;правый;ADJ;_;Degree=Pos|Number=Plur|Variant=Short;_;_;_;@pnn1971m-words#@pnn1971m#171.96#172.2
202;на;на;ADP;_;_;_;_;_;@pnn1971m-words#@pnn1971m#172.5#172.98
203;сегоднЯшний;сегоднЯшний;ADJ;_;Animacy=Inan|Case=Acc|Degree=Pos|Gender=Masc|Number=Sing;_;_;_;@pnn1971m-words#@pnn1971m#172.98#173.46
204;день;день;NOUN;_;Animacy=Inan|Case=Acc|Gender=Masc|Number=Sing;_;_;_;@pnn1971m-words#@pnn1971m#173.46#173.94
205;он;он;PRON;_;Case=Nom|Gender=Masc|Number=Sing|Person=3;_;_;_;@pnn1971m-words#@pnn1971m#173.94#174.42
206;уступает;уступать;VERB;_;Aspect=Imp|Mood=Ind|Number=Sing|Person=3|Tense=Pres|VerbForm=Fin|Voice=Act;_;_;_;@pnn1971m-words#@pnn1971m#174.42#174.9
207;только;только;PART;_;_;_;_;_;@pnn1971m-words#@pnn1971m#174.9#175.38
208;самозарЯдным;самозарЯдный;ADJ;_;Case=Dat|Degree=Pos|Number=Plur;_;_;_;@pnn1971m-words#@pnn1971m#175.38#175.86
209;карабинам;карабина;NOUN;_;Animacy=Inan|Case=Dat|Gender=Masc|Number=Plur;_;_;_;@pnn1971m-words#@pnn1971m#175.86#176.34
210;/;/;PUNCT;_;_;_;_;_;@pnn1971m-words#@pnn1971m#176.34#176.82
211;где;где;ADV;_;_;_;_;_;@pnn1971m-words#@pnn1971m#176.82#177.3
212;длЯ;длЯ;ADP;_;_;_;_;_;@pnn1971m-words#@pnn1971m#177.3#177.78
213;перезарЯжаниЯ;перезарЯжание;NOUN;_;Animacy=Inan|Case=Gen|Gender=Neut|Number=Sing;_;_;_;@pnn1971m-words#@pnn1971m#177.78#178.26
214;используетсЯ;использовать;VERB;_;Aspect=Imp|Mood=Ind|Number=Sing|Person=3|Tense=Pres|VerbForm=Fin|Voice=Pass;_;_;_;@pnn1971m-words#@pnn1971m#178.26#178.74
215;автоматика;автоматика;NOUN;_;Animacy=Inan|Case=Nom|Gender=Fem|Number=Sing;_;_;_;@pnn1971m-words#@pnn1971m#178.74#179.22
216;/;/;PUNCT;_;_;_;_;_;@pnn1971m-words#@pnn1971m#179.22#179.7
217;энергиЯ;энергиЯ;NOUN;_;Animacy=Inan|Case=Nom|Gender=Fem|Number=Sing;_;_;_;@pnn1971m-words#@pnn1971m#179.7#180.18
218;пороховых;пороховой;ADJ;_;Case=Gen|Degree=Pos|Number=Plur;_;_;_;@pnn1971m-words#@pnn1971m#180.18#180.66
219;газов;газ;NOUN;_;Animacy=Inan|Case=Gen|Gender=Masc|Number=Plur;_;_;_;@pnn1971m-words#@pnn1971m#180.66#181.14
220;или;или;CCONJ;_;_;_;_;_;@pnn1971m-words#@pnn1971m#181.14#181.62
221;свободного;свободный;ADJ;_;Case=Gen|Degree=Pos|Gender=Masc|Number=Sing;_;_;_;@pnn1971m-words#@pnn1971m#181.62#182.1
222;затвора;затвор;NOUN;_;Animacy=Inan|Case=Gen|Gender=Masc|Number=Sing;_;_;_;@pnn1971m-words#@pnn1971m#182.1#182.6
223;среди;среди;ADP;_;_;_;_;_;@pnn1971m-words#@pnn1971m#183.0#183.368
224;оружиЯ;оружие;NOUN;_;Animacy=Inan|Case=Gen|Gender=Neut|Number=Sing;_;_;_;@pnn1971m-words#@pnn1971m#183.368#183.736
225;с;с;ADP;_;_;_;_;_;@pnn1971m-words#@pnn1971m#183.736#184.104
226;ручным;ручной;ADJ;_;Case=Ins|Degree=Pos|Gender=Neut|Number=Sing;_;_;_;@pnn1971m-words#@pnn1971m#184.104#184.472
227;/;/;PUNCT;_;_;_;_;_;@pnn1971m-words#@pnn1971m#184.472#184.84
228;ээ;ээ;INTJ;_;_;_;_;_;@pnn1971m-words#@pnn1971m#184.84#185.208
229;/;/;PUNCT;_;_;_;_;_;@pnn1971m-words#@pnn1971m#185.208#185.576
230;перезарЯжанием;перезарЯжание;NOUN;_;Animacy=Inan|Case=Ins|Gender=Neut|Number=Sing;_;_;_;@pnn1971m-words#@pnn1971m#185.576#185.944
231;карабины;карабин;NOUN;_;Animacy=Inan|Case=Gen|Gender=Masc|Number=Sing;_;_;_;@pnn1971m-words#@pnn1971m#185.944#186.312
232;и;и;CCONJ;_;_;_;_;_;@pnn1971m-words#@pnn1971m#186.312#186.68
233;винтовки;винтовка;NOUN;_;Animacy=Inan|Case=Gen|Gender=Fem|Number=Sing;_;_;_;@pnn1971m-words#@pnn1971m#186.68#187.048
234;со;с;ADP;_;_;_;_;_;@pnn1971m-words#@pnn1971m#187.048#187.416
235;скобой;скоба;NOUN;_;Animacy=Inan|Case=Ins|Gender=Fem|Number=Sing;_;_;_;@pnn1971m-words#@pnn1971m#187.416#187.784
236;ѓенри;ѓенри;PROPN;_;Animacy=Anim|Case=Gen|Gender=Masc|Number=Sing;_;_;_;@pnn1971m-words#@pnn1971m#187.784#188.152
237;по;по;ADP;_;_;_;_;_;@pnn1971m-words#@pnn1971m#188.152#188.52
238;сей;сей;DET;_;Case=Acc|Gender=Masc|Number=Sing;_;_;_;@pnn1971m-words#@pnn1971m#188.52#188.888
239;день;день;NOUN;_;Animacy=Inan|Case=Acc|Gender=Masc|Number=Sing;_;_;_;@pnn1971m-words#@pnn1971m#188.888#189.256
240;ЯвлЯютсЯ;ЯвлЯтьсЯ;VERB;_;Aspect=Imp|Mood=Ind|Number=Plur|Person=3|Tense=Pres|VerbForm=Fin|Voice=Mid;_;_;_;@pnn1971m-words#@pnn1971m#189.256#189.624
241;лидерами;лидер;NOUN;_;Animacy=Anim|Case=Ins|Gender=Masc|Number=Plur;_;_;_;@pnn1971m-words#@pnn1971m#189.624#190.0
242;вы;вы;PRON;_;Case=Nom|Number=Plur|Person=2;_;_;_;@pnn1971m-words#@pnn1971m#190.5#190.876
243;обратите;обратить;VERB;_;Aspect=Perf|Mood=Ind|Number=Plur|Person=2|Tense=Fut|VerbForm=Fin|Voice=Act;_;_;_;@pnn1971m-words#@pnn1971m#190.876#191.252
244;внимание;внимание;NOUN;_;Animacy=Inan|Case=Acc|Gender=Neut|Number=Sing;_;_;_;@pnn1971m-words#@pnn1971m#191.252#191.628
245;/;/;PUNCT;_;_;_;_;_;@pnn1971m-words#@pnn1971m#191.628#192.004
246;что;что;SCONJ;_;_;_;_;_;@pnn1971m-words#@pnn1971m#192.004#192.38
247;при;при;ADP;_;_;_;_;_;@pnn1971m-words#@pnn1971m#192.38#192.756
248;стрельбе;стрельба;NOUN;_;Animacy=Inan|Case=Loc|Gender=Fem|Number=Sing;_;_;_;@pnn1971m-words#@pnn1971m#192.756#193.132
249;/;/;PUNCT;_;_;_;_;_;@pnn1971m-words#@pnn1971m#193.132#193.508
250;когда;когда;SCONJ;_;_;_;_;_;@pnn1971m-words#@pnn1971m#193.508#193.884
251;вы;вы;PRON;_;Case=Nom|Number=Plur|Person=2;_;_;_;@pnn1971m-words#@pnn1971m#193.884#194.26
252;спускаете;пускать;VERB;_;Aspect=Imp|Mood=Ind|Number=Plur|Person=2|Tense=Pres|VerbForm=Fin|Voice=Act;_;_;_;@pnn1971m-words#@pnn1971m#194.26#194.636
253;курок;курок;NOUN;_;Animacy=Inan|Case=Acc|Gender=Masc|Number=Sing;_;_;_;@pnn1971m-words#@pnn1971m#194.636#195.012
254;/;/;PUNCT;_;_;_;_;_;@pnn1971m-words#@pnn1971m#195.012#195.388
255;происходит;происходить;VERB;_;Aspect=Imp|Mood=Ind|Number=Sing|Person=3|Tense=Pres|VerbForm=Fin|Voice=Act;_;_;_;@pnn1971m-words#@pnn1971m#195.388#195.764
256;выстрел;выстрел;NOUN;_;Animacy=Inan|Case=Nom|Gender=Masc|Number=Sing;_;_;_;@pnn1971m-words#@pnn1971m#195.764#196.14
257;/;/;PUNCT;_;_;_;_;_;@pnn1971m-words#@pnn1971m#196.14#196.516
258;вы;вы;PRON;_;Case=Nom|Number=Plur|Person=2;_;_;_;@pnn1971m-words#@pnn1971m#196.516#196.892
259;просто;просто;PART;_;_;_;_;_;@pnn1971m-words#@pnn1971m#196.892#197.268
260;двигаете;двигать;VERB;_;Aspect=Imp|Mood=Ind|Number=Plur|Person=2|Tense=Pres|VerbForm=Fin|Voice=Act;_;_;_;@pnn1971m-words#@pnn1971m#197.268#197.644
261;спусковую;спусковой;ADJ;_;Case=Acc|Degree=Pos|Gender=Fem|Number=Sing;_;_;_;@pnn1971m-words#@pnn1971m#197.644#198.02
262;скобу;скоба;NOUN;_;Animacy=Inan|Case=Acc|Gender=Fem|Number=Sing;_;_;_;@pnn1971m-words#@pnn1971m#198.02#198.4
263;вниз;вниз;ADV;_;_;_;_;_;@pnn1971m-words#@pnn1971m#199.6#199.866
264;и;и;CCONJ;_;_;_;_;_;@pnn1971m-words#@pnn1971m#199.866#200.132
265;вперед;вперед;ADV;_;_;_;_;_;@pnn1971m-words#@pnn1971m#200.132#200.4
266;ээ;ээ;INTJ;_;_;_;_;_;@pnn1971m-words#@pnn1971m#201.0#201.4
267;/;/;PUNCT;_;_;_;_;_;@pnn1971m-words#@pnn1971m#201.4#201.8
268;гильза;гильза;NOUN;_;Animacy=Inan|Case=Nom|Gender=Fem|Number=Sing;;;;
269;выбрасываетсЯ;выбрасывать;VERB;_;Aspect=Imp|Mood=Ind|Number=Sing|Person=3|Tense=Pres|VerbForm=Fin|Voice=Pass;_;_;_;@pnn1971m-words#@pnn1971m#201.8#202.2
270;/;/;PUNCT;_;_;_;_;_;@pnn1971m-words#@pnn1971m#202.2#202.6
271;ээ;ээ;INTJ;_;_;_;_;_;@pnn1971m-words#@pnn1971m#202.6#203.0
272;/;/;PUNCT;_;_;_;_;_;@pnn1971m-words#@pnn1971m#203.0#203.4
273;извлекаетсЯ;извлекать;VERB;_;Aspect=Imp|Mood=Ind|Number=Sing|Person=3|Tense=Pres|VerbForm=Fin|Voice=Pass;_;_;_;@pnn1971m-words#@pnn1971m#203.4#203.8
274;из;из;ADP;_;_;_;_;_;@pnn1971m-words#@pnn1971m#203.8#204.2
275;патронника;патронник;NOUN;_;Animacy=Inan|Case=Gen|Gender=Masc|Number=Sing;_;_;_;@pnn1971m-words#@pnn1971m#204.2#204.6
276;и;и;CCONJ;_;_;_;_;_;@pnn1971m-words#@pnn1971m#204.6#205.0
277;выбрасываетсЯ;выбрасывать;VERB;_;Aspect=Imp|Mood=Ind|Number=Sing|Person=3|Tense=Pres|VerbForm=Fin|Voice=Pass;_;_;_;@pnn1971m-words#@pnn1971m#205.0#205.4
278;за;за;ADP;_;_;_;_;_;@pnn1971m-words#@pnn1971m#205.4#205.8
279;пределы;предел;NOUN;_;Animacy=Inan|Case=Acc|Gender=Masc|Number=Plur;_;_;_;@pnn1971m-words#@pnn1971m#205.8#206.2
280;ствольной;ствольный;ADJ;_;Case=Gen|Degree=Pos|Gender=Fem|Number=Sing;_;_;_;@pnn1971m-words#@pnn1971m#206.2#206.6
281;коробки;коробка;NOUN;_;Animacy=Inan|Case=Gen|Gender=Fem|Number=Sing;_;_;_;@pnn1971m-words#@pnn1971m#206.6#207.0
282;взводитсЯ;взводитьсЯ;VERB;_;Aspect=Imp|Mood=Ind|Number=Sing|Person=3|Tense=Pres|VerbForm=Fin|Voice=Pass;_;_;_;@pnn1971m-words#@pnn1971m#207.7#208.1
283;курок;курок;NOUN;_;Animacy=Inan|Case=Nom|Gender=Masc|Number=Sing;_;_;_;@pnn1971m-words#@pnn1971m#208.1#208.5
284;при;при;ADP;_;_;_;_;_;@pnn1971m-words#@pnn1971m#208.8#209.242
285;движении;движение;NOUN;_;Animacy=Inan|Case=Loc|Gender=Neut|Number=Sing;_;_;_;@pnn1971m-words#@pnn1971m#209.242#209.684
286;скобы;скоба;NOUN;_;Animacy=Inan|Case=Gen|Gender=Fem|Number=Sing;_;_;_;@pnn1971m-words#@pnn1971m#209.684#210.126
287;вперед;вперед;ADV;_;_;_;_;_;@pnn1971m-words#@pnn1971m#210.126#210.568
288;досылаетсЯ;досылатьсЯ;VERB;_;Aspect=Imp|Mood=Ind|Number=Sing|Person=3|Tense=Pres|VerbForm=Fin|Voice=Pass;_;_;_;@pnn1971m-words#@pnn1971m#210.568#211.01
289;очередной;очередной;ADJ;_;Case=Nom|Degree=Pos|Gender=Masc|Number=Sing;_;_;_;@pnn1971m-words#@pnn1971m#211.01#211.452
290;патрон;патрон;NOUN;_;Animacy=Inan|Case=Nom|Gender=Masc|Number=Sing;_;_;_;@pnn1971m-words#@pnn1971m#211.452#211.894
291;из;из;ADP;_;_;_;_;_;@pnn1971m-words#@pnn1971m#211.894#212.336
292;магазина;магазин;NOUN;_;Animacy=Inan|Case=Gen|Gender=Masc|Number=Sing;_;_;_;@pnn1971m-words#@pnn1971m#212.336#212.778
293;в;в;ADP;_;_;_;_;_;@pnn1971m-words#@pnn1971m#212.778#213.22
294;патронник;патронник;NOUN;_;Animacy=Inan|Case=Acc|Gender=Masc|Number=Sing;_;_;_;@pnn1971m-words#@pnn1971m#213.22#213.662
295;/;/;PUNCT;_;_;_;_;_;@pnn1971m-words#@pnn1971m#213.662#214.104
296;запираетсЯ;запирать;VERB;_;Aspect=Imp|Mood=Ind|Number=Sing|Person=3|Tense=Pres|VerbForm=Fin|Voice=Mid;_;_;_;@pnn1971m-words#@pnn1971m#214.104#214.546
297;затвор;затвор;NOUN;_;Animacy=Inan|Case=Nom|Gender=Masc|Number=Sing;_;_;_;@pnn1971m-words#@pnn1971m#214.546#214.988
298;и;и;CCONJ;_;_;_;_;_;@pnn1971m-words#@pnn1971m#214.988#215.43
299;оружие;оружие;NOUN;_;Animacy=Inan|Case=Nom|Gender=Neut|Number=Sing;_;_;_;@pnn1971m-words#@pnn1971m#215.43#215.872
300;готово;готовый;ADJ;_;Degree=Pos|Gender=Neut|Number=Sing|Variant=Short;_;_;_;@pnn1971m-words#@pnn1971m#215.872#216.314
301;к;к;ADP;_;_;_;_;_;@pnn1971m-words#@pnn1971m#216.314#216.756
302;выстрелу;выстрел;NOUN;_;Animacy=Inan|Case=Dat|Gender=Masc|Number=Sing;_;_;_;@pnn1971m-words#@pnn1971m#216.756#217.2
303;вы;вы;PRON;_;Case=Nom|Number=Plur|Person=2;_;_;_;@pnn1971m-words#@pnn1971m#217.5#217.94
304;можете;мочь;VERB;_;Aspect=Imp|Mood=Ind|Number=Plur|Person=2|Tense=Pres|VerbForm=Fin|Voice=Act;_;_;_;@pnn1971m-words#@pnn1971m#217.94#218.38
305;произвести;произвести;VERB;_;Aspect=Perf|VerbForm=Inf|Voice=Act;_;_;_;@pnn1971m-words#@pnn1971m#218.38#218.82
306;спуск;спуск;NOUN;_;Animacy=Inan|Case=Acc|Gender=Masc|Number=Sing;_;_;_;@pnn1971m-words#@pnn1971m#218.82#219.26
307;при;при;ADP;_;_;_;_;_;@pnn1971m-words#@pnn1971m#219.5#219.94
308;этом;это;PRON;_;Case=Loc|Gender=Neut|Number=Sing;_;_;_;@pnn1971m-words#@pnn1971m#219.94#220.38
309;/;/;PUNCT;_;_;_;_;_;@pnn1971m-words#@pnn1971m#220.38#220.82
310;ээ;ээ;INTJ;_;_;_;_;_;@pnn1971m-words#@pnn1971m#220.82#221.26
311;/;/;PUNCT;_;_;;;;
312;профессиональные;профессиональный;ADJ;_;Case=Nom|Degree=Pos|Number=Plur;_;_;_;@pnn1971m-words#@pnn1971m#221.26#221.7
313;стрелки;стрелок;NOUN;_;Animacy=Inan|Case=Nom|Gender=Masc|Number=Plur;_;_;_;@pnn1971m-words#@pnn1971m#221.7#222.14
314;/;/;PUNCT;_;_;_;_;_;@pnn1971m-words#@pnn1971m#222.14#222.58
315;ну;ну;PART;_;_;_;_;_;@pnn1971m-words#@pnn1971m#222.58#223.02
316;и;и;CCONJ;_;_;_;_;_;@pnn1971m-words#@pnn1971m#223.02#223.46
317;те;тот;DET;_;Case=Nom|Number=Plur;_;_;_;@pnn1971m-words#@pnn1971m#223.46#223.9
318;кто;кто;PRON;_;Case=Nom;_;_;_;@pnn1971m-words#@pnn1971m#223.9#224.34
319;достаточно;достаточно;ADV;_;_;_;_;_;@pnn1971m-words#@pnn1971m#224.34#224.78
320;хорошо;хорошо;ADV;_;Degree=Pos;_;_;_;@pnn1971m-words#@pnn1971m#224.78#225.22
321;уже;уже;ADV;_;_;_;_;_;@pnn1971m-words#@pnn1971m#225.22#225.66
322;знают;знать;VERB;_;Aspect=Imp|Mood=Ind|Number=Plur|Person=3|Tense=Pres|VerbForm=Fin|Voice=Act;_;_;_;@pnn1971m-words#@pnn1971m#225.66#226.1
323;свое;свой;DET;_;Case=Acc|Gender=Neut|Number=Sing;_;_;_;@pnn1971m-words#@pnn1971m#226.1#226.54
324;оружие;оружие;NOUN;_;Animacy=Inan|Case=Acc|Gender=Neut|Number=Sing;_;_;_;@pnn1971m-words#@pnn1971m#226.54#226.98
325;/;/;PUNCT;_;_;_;_;_;@pnn1971m-words#@pnn1971m#226.98#227.42
326;мо-могут;могут;VERB;_;Aspect=Imp|Mood=Ind|Number=Plur|Person=3|Tense=Pres|VerbForm=Fin|Voice=Act;_;_;_;@pnn1971m-words#@pnn1971m#227.42#227.86
327;стрелЯть;стрелЯть;VERB;_;Aspect=Imp|VerbForm=Inf|Voice=Act;_;_;_;@pnn1971m-words#@pnn1971m#227.86#228.3
328;без;без;ADP;_;_;_;_;_;@pnn1971m-words#@pnn1971m#228.3#228.74
329;отрыва;отрыв;NOUN;_;Animacy=Inan|Case=Gen|Gender=Masc|Number=Sing;_;_;_;@pnn1971m-words#@pnn1971m#228.74#229.18
330;оружиЯ;оружие;NOUN;_;Animacy=Inan|Case=Gen|Gender=Neut|Number=Sing;_;_;_;@pnn1971m-words#@pnn1971m#229.18#229.62
331;от;от;ADP;_;_;_;_;_;@pnn1971m-words#@pnn1971m#229.62#230.06
332;плеча;плечо;NOUN;_;Animacy=Inan|Case=Gen|Gender=Neut|Number=Sing;_;_;_;@pnn1971m-words#@pnn1971m#230.06#230.5
333;то есть;то есть;ADV;_;_;_;_;_;@pnn1971m-words#@pnn1971m#231.0#231.269
334;это;это;PRON;_;Case=Nom|Gender=Neut|Number=Sing;_;_;_;@pnn1971m-words#@pnn1971m#231.538#231.807
335;вот;вот;PART;_;_;_;_;_;@pnn1971m-words#@pnn1971m#231.807#232.076
336;произведЯ;произвести;VERB;_;Aspect=Perf|Tense=Past|VerbForm=Conv|Voice=Act;_;_;_;@pnn1971m-words#@pnn1971m#232.076#232.345
337;выстрел;выстрел;NOUN;_;Animacy=Inan|Case=Acc|Gender=Masc|Number=Sing;_;_;_;@pnn1971m-words#@pnn1971m#232.345#232.614
338;/;/;PUNCT;_;_;_;_;_;@pnn1971m-words#@pnn1971m#232.614#232.883
339;резкое;резкий;ADJ;_;Case=Acc|Degree=Pos|Gender=Neut|Number=Sing;_;_;_;@pnn1971m-words#@pnn1971m#232.883#233.152
340;перезарЯжание;перезарЯжание;NOUN;_;Animacy=Inan|Case=Acc|Gender=Neut|Number=Sing;_;_;_;@pnn1971m-words#@pnn1971m#233.152#233.421
341;/;/;PUNCT;_;_;_;_;_;@pnn1971m-words#@pnn1971m#233.421#233.69
342;и;и;CCONJ;_;_;_;_;_;@pnn1971m-words#@pnn1971m#233.69#233.959
343;тут;тут;ADV;_;_;_;_;_;@pnn1971m-words#@pnn1971m#233.959#234.228
344;же;же;PART;_;_;_;_;_;@pnn1971m-words#@pnn1971m#234.228#234.5
345;на;на;ADP;_;_;_;_;_;@pnn1971m-words#@pnn1971m#235.2#235.566
346;спусковой;спусковой;ADJ;_;Animacy=Inan|Case=Acc|Degree=Pos|Gender=Masc|Number=Sing;_;_;_;@pnn1971m-words#@pnn1971m#235.566#235.932
347;крючок;крючок;NOUN;_;Animacy=Inan|Case=Acc|Gender=Masc|Number=Sing;_;_;_;@pnn1971m-words#@pnn1971m#235.932#236.3
348;то есть;то есть;ADV;_;_;_;_;_;@pnn1971m-words#@pnn1971m#236.4#236.786
349;вам;вы;PRON;_;Case=Dat|Number=Plur|Person=2;_;_;_;@pnn1971m-words#@pnn1971m#237.172#237.558
350;необходимо;необходимый;ADJ;_;Degree=Pos|Gender=Neut|Number=Sing|Variant=Short;_;_;_;@pnn1971m-words#@pnn1971m#237.558#237.944
351;только;только;PART;_;_;_;_;_;@pnn1971m-words#@pnn1971m#237.944#238.33
352;вести;вести;VERB;_;Aspect=Imp|VerbForm=Inf|Voice=Act;_;_;_;@pnn1971m-words#@pnn1971m#238.33#238.716
353;цель;цель;NOUN;_;Animacy=Inan|Case=Acc|Gender=Fem|Number=Sing;_;_;_;@pnn1971m-words#@pnn1971m#238.716#239.102
354;/;/;PUNCT;_;_;_;_;_;@pnn1971m-words#@pnn1971m#239.102#239.488
355;которую;который;PRON;_;Case=Acc;_;_;_;@pnn1971m-words#@pnn1971m#239.488#239.874
356;у;у;ADP;_;_;_;_;_;@pnn1971m-words#@pnn1971m#239.874#240.26
357;вас;вы;PRON;_;Case=Gen|Number=Plur|Person=2;_;_;_;@pnn1971m-words#@pnn1971m#240.26#240.646
358;допустим;допустим;PART;_;_;_;_;_;@pnn1971m-words#@pnn1971m#240.646#241.032
359;подвижную;подвижный;ADJ;_;Case=Acc|Degree=Pos|Gender=Fem|Number=Sing;_;_;_;@pnn1971m-words#@pnn1971m#241.032#241.418
360;/;/;PUNCT;_;_;_;_;_;@pnn1971m-words#@pnn1971m#241.418#241.804
361;влево;влево;ADV;_;Degree=Pos;_;_;_;@pnn1971m-words#@pnn1971m#241.804#242.19
362;или;или;CCONJ;_;_;_;_;_;@pnn1971m-words#@pnn1971m#242.19#242.576
363;вправо;вправо;ADV;_;Degree=Pos;_;_;_;@pnn1971m-words#@pnn1971m#242.576#242.962
364;и;и;CCONJ;_;_;_;_;_;@pnn1971m-words#@pnn1971m#242.962#243.348
365;работать;работать;VERB;_;Aspect=Imp|VerbForm=Inf|Voice=Act;_;_;_;@pnn1971m-words#@pnn1971m#243.348#243.734
366;скобой;скоба;NOUN;_;Animacy=Anim|Case=Ins|Gender=Fem|Number=Sing;_;_;_;@pnn1971m-words#@pnn1971m#243.734#244.12
367;и;и;CCONJ;_;_;_;_;_;@pnn1971m-words#@pnn1971m#244.12#244.506
368;спусковым;спусковой;ADJ;_;Case=Ins|Degree=Pos|Gender=Masc|Number=Sing;_;_;_;@pnn1971m-words#@pnn1971m#244.506#244.892
369;крючком;крючок;NOUN;_;Animacy=Inan|Case=Ins|Gender=Masc|Number=Sing;_;_;_;@pnn1971m-words#@pnn1971m#244.892#245.278
370;/;/;PUNCT;_;_;_;_;_;@pnn1971m-words#@pnn1971m#245.278#245.664
371;при;при;ADP;_;_;_;_;_;@pnn1971m-words#@pnn1971m#245.664#246.05
372;этом;это;PRON;_;Animacy=Inan|Case=Loc|Gender=Neut|Number=Sing;_;_;_;@pnn1971m-words#@pnn1971m#246.05#246.436
373;пользоватьсЯ;пользоватьсЯ;VERB;_;Aspect=Imp|VerbForm=Inf|Voice=Mid;_;_;_;@pnn1971m-words#@pnn1971m#246.436#246.822
374;естественно;естественно;ADV;_;_;_;_;_;@pnn1971m-words#@pnn1971m#246.822#247.208
375;верхним;верхний;ADJ;_;Case=Ins|Degree=Pos|Gender=Masc|Number=Sing;_;_;_;@pnn1971m-words#@pnn1971m#247.208#247.594
376;целиком;целик;NOUN;_;Animacy=Inan|Case=Ins|Gender=Masc|Number=Sing;_;_;_;@pnn1971m-words#@pnn1971m#247.594#248.0
377;да;да;CCONJ;_;_;_;_;_;@pnn1971m-words#@pnn1971m#251.6#252.0
378;это;это;PRON;_;Animacy=Inan|Case=Nom|Gender=Neut|Number=Sing;_;_;_;@pnn1971m-words#@pnn1971m#252.9#253.48
379;целик;целик;NOUN;_;Animacy=Inan|Case=Nom|Gender=Masc|Number=Sing;_;_;_;@pnn1971m-words#@pnn1971m#253.48#254.06
380;аутентичный;аутентичный;ADJ;_;Case=Nom|Degree=Pos|Gender=Masc|Number=Sing;_;_;_;@pnn1971m-words#@pnn1971m#254.06#254.64
381;19;19;NUM;_;_;_;_;_;@pnn1971m-words#@pnn1971m#254.64#255.22
382;века;век;NOUN;_;Animacy=Inan|Case=Gen|Gender=Masc|Number=Sing;_;_;_;@pnn1971m-words#@pnn1971m#255.22#255.8
383;ээ;ээ;INTJ;_;_;_;_;_;@pnn1971m-words#@pnn1971m#257.0#257.45
384;/;/;PUNCT;_;_;_;_;_;@pnn1971m-words#@pnn1971m#257.45#257.9
385;его;его;DET;_;Case=Gen|Gender=Masc|Number=Sing|Person=3;_;_;_;@pnn1971m-words#@pnn1971m#257.9#258.35
386;главной;главный;ADJ;_;Case=Ins|Degree=Pos|Gender=Fem|Number=Sing;_;_;_;@pnn1971m-words#@pnn1971m#258.35#258.8
387;особенностью;особенность;NOUN;_;Animacy=Inan|Case=Ins|Gender=Fem|Number=Sing;_;_;_;@pnn1971m-words#@pnn1971m#258.8#259.25
388;заключаетсЯ;заключатьсЯ;VERB;_;Aspect=Imp|Mood=Ind|Number=Sing|Person=3|Tense=Pres|VerbForm=Fin|Voice=Mid;_;_;_;@pnn1971m-words#@pnn1971m#259.25#259.7
389;в;в;ADP;_;_;_;_;_;@pnn1971m-words#@pnn1971m#259.7#260.15
390;том;то;PRON;_;Animacy=Inan|Case=Loc|Gender=Neut|Number=Sing;_;_;_;@pnn1971m-words#@pnn1971m#260.15#260.6
391;/;/;PUNCT;_;_;_;_;_;@pnn1971m-words#@pnn1971m#260.6#261.05
392;что;что;SCONJ;_;_;_;_;_;@pnn1971m-words#@pnn1971m#261.05#261.5
393;он;он;PRON;_;Case=Nom|Gender=Masc|Number=Sing|Person=3;_;_;_;@pnn1971m-words#@pnn1971m#261.5#261.95
394;имеет;иметь;VERB;_;Aspect=Imp|Mood=Ind|Number=Sing|Person=3|Tense=Pres|VerbForm=Fin|Voice=Act;_;_;_;@pnn1971m-words#@pnn1971m#261.95#262.4
395;две;два;NUM;_;Case=Acc|Gender=Fem|Number=Sing;_;_;_;@pnn1971m-words#@pnn1971m#262.4#262.85
396;прорези;прорезе;NOUN;_;Animacy=Inan|Case=Gen|Gender=Fem|Number=Sing;_;_;_;@pnn1971m-words#@pnn1971m#262.85#263.3
397;одна;один;NUM;_;Case=Nom|Gender=Fem|Number=Sing;_;_;_;@pnn1971m-words#@pnn1971m#263.6#263.925
398;очень;очень;ADV;_;_;_;_;_;@pnn1971m-words#@pnn1971m#263.925#264.25
399;очень;очень;ADV;_;_;_;_;_;@pnn1971m-words#@pnn1971m#264.25#264.575
400;узкаЯ;узкий;ADJ;_;Case=Nom|Degree=Pos|Gender=Fem|Number=Sing;_;_;_;@pnn1971m-words#@pnn1971m#264.575#264.9
401;это;это;PRON;_;Case=Nom|Gender=Neut|Number=Sing;_;_;_;@pnn1971m-words#@pnn1971m#265.1#265.429
402;длЯ;длЯ;ADP;_;_;_;_;_;@pnn1971m-words#@pnn1971m#265.429#265.758
403;стрельбы;стрельба;NOUN;_;Animacy=Inan|Case=Gen|Gender=Fem|Number=Sing;_;_;_;@pnn1971m-words#@pnn1971m#265.758#266.087
404;по;по;ADP;_;_;_;_;_;@pnn1971m-words#@pnn1971m#266.087#266.416
405;статичным;статичный;ADJ;_;Case=Dat|Degree=Pos|Number=Plur;_;_;_;@pnn1971m-words#@pnn1971m#266.416#266.745
406;целЯм;цель;NOUN;_;Animacy=Inan|Case=Dat|Gender=Fem|Number=Plur;_;_;_;@pnn1971m-words#@pnn1971m#266.745#267.074
407;/;/;PUNCT;_;_;_;_;_;@pnn1971m-words#@pnn1971m#267.074#267.403
408;чтобы;чтобы;SCONJ;_;_;_;_;_;@pnn1971m-words#@pnn1971m#267.403#267.732
409;получить;получить;VERB;_;Aspect=Perf|VerbForm=Inf|Voice=Act;_;_;_;@pnn1971m-words#@pnn1971m#267.732#268.061
410;/;/;PUNCT;_;_;_;_;_;@pnn1971m-words#@pnn1971m#268.061#268.39
411;э;э;INTJ;_;_;_;_;_;@pnn1971m-words#@pnn1971m#268.39#268.719
412;/;/;PUNCT;_;_;_;_;_;@pnn1971m-words#@pnn1971m#268.719#269.048
413;точный;точный;ADJ;_;Animacy=Inan|Case=Acc|Degree=Pos|Gender=Masc|Number=Sing;_;_;_;@pnn1971m-words#@pnn1971m#269.048#269.377
414;выстрел;выстрел;NOUN;_;Animacy=Inan|Case=Acc|Gender=Masc|Number=Sing;_;_;_;@pnn1971m-words#@pnn1971m#269.377#269.706
415;на;на;ADP;_;_;_;_;_;@pnn1971m-words#@pnn1971m#269.706#270.035
416;дальную;дальный;ADJ;_;Case=Acc|Degree=Pos|Gender=Fem|Number=Sing;_;_;_;@pnn1971m-words#@pnn1971m#270.035#270.364
417;дистанцию;дистанциЯ;NOUN;_;Animacy=Inan|Case=Acc|Gender=Fem|Number=Sing;_;_;_;@pnn1971m-words#@pnn1971m#270.364#270.7
418;аа;аа;INTJ;_;_;_;_;_;@pnn1971m-words#@pnn1971m#271.4#271.783
419;/;/;PUNCT;_;_;_;_;_;@pnn1971m-words#@pnn1971m#271.783#272.166
420;второй-;второй-;NUM;_;Case=Nom|Gender=Masc|Number=Sing;_;_;_;@pnn1971m-words#@pnn1971m#272.166#272.549
421;втораЯ;второй;ADJ;_;Case=Nom|Gender=Fem|Number=Sing;_;_;_;@pnn1971m-words#@pnn1971m#272.549#272.932
422;прорезь;прорезь;NOUN;_;Animacy=Inan|Case=Nom|Gender=Fem|Number=Sing;_;_;_;@pnn1971m-words#@pnn1971m#272.932#273.315
423;/;/;PUNCT;_;_;_;_;_;@pnn1971m-words#@pnn1971m#273.315#273.698
424;целик;целик;NOUN;_;Animacy=Inan|Case=Gen|Gender=Masc|Number=Sing;_;_;_;@pnn1971m-words#@pnn1971m#273.698#274.081
425;/;/;PUNCT;_;_;_;_;_;@pnn1971m-words#@pnn1971m#274.081#274.464
426;это;это;PRON;_;_;_;_;_;@pnn1971m-words#@pnn1971m#274.464#274.847
427;так;так;ADV;_;_;_;_;_;@pnn1971m-words#@pnn1971m#274.847#275.23
428;называемые;называть;VERB;_;Aspect=Imp|Case=Acc|Number=Plur|Tense=Pres|VerbForm=Part|Voice=Pass;_;_;_;@pnn1971m-words#@pnn1971m#275.23#275.613
429;рога;рог;NOUN;_;Animacy=Inan|Case=Acc|Gender=Masc|Number=Plur;_;_;_;@pnn1971m-words#@pnn1971m#275.613#276.0
430;они;они;PRON;_;Case=Nom|Number=Plur|Person=3;_;_;_;@pnn1971m-words#@pnn1971m#276.5#276.945
431;позволЯют;позволЯть;VERB;_;Aspect=Imp|Mood=Ind|Number=Plur|Person=3|Tense=Pres|VerbForm=Fin|Voice=Act;_;_;_;@pnn1971m-words#@pnn1971m#276.945#277.39
432;вам;вы;PRON;_;Case=Dat|Number=Plur|Person=2;_;_;_;@pnn1971m-words#@pnn1971m#277.39#277.835
433;вести;вести;VERB;_;Aspect=Imp|VerbForm=Inf|Voice=Act;_;_;_;@pnn1971m-words#@pnn1971m#277.835#278.28
434;цель;цель;NOUN;_;Animacy=Inan|Case=Acc|Gender=Fem|Number=Sing;_;_;_;@pnn1971m-words#@pnn1971m#278.28#278.725
435;/;/;PUNCT;_;_;_;_;_;@pnn1971m-words#@pnn1971m#278.725#279.17
436;котораЯ;который;PRON;_;Case=Nom|Gender=Fem|Num=Sing;_;_;_;@pnn1971m-words#@pnn1971m#279.17#279.615
437;движетсЯ;двигатьсЯ;VERB;_;Aspect=Imp|Mood=Ind|Number=Sing|Person=3|Tense=Pres|VerbForm=Fin|Voice=Mid;_;_;_;@pnn1971m-words#@pnn1971m#279.615#280.06
438;на;на;ADP;_;_;_;_;_;@pnn1971m-words#@pnn1971m#280.06#280.505
439;короткой;короткий;ADJ;_;Case=Loc|Degree=Pos|Gender=Fem|Number=Sing;_;_;_;@pnn1971m-words#@pnn1971m#280.505#280.95
440;дистанции;дистанциЯ;NOUN;_;Animacy=Inan|Case=Loc|Gender=Fem|Number=Sing;_;_;_;@pnn1971m-words#@pnn1971m#280.95#281.4
441;и;и;CCONJ;_;_;_;_;_;@pnn1971m-words#@pnn1971m#281.8#282.175
442;используЯ;использовать;VERB;_;Aspect=Imp|Tense=Pres|VerbForm=Conv|Voice=Act;_;_;_;@pnn1971m-words#@pnn1971m#282.175#282.55
443;вот;вот;PART;_;_;_;_;_;@pnn1971m-words#@pnn1971m#282.55#282.925
444;такую;такой;DET;_;Case=Acc|Gender=Fem|Number=Sing;_;_;_;@pnn1971m-words#@pnn1971m#282.925#283.3
445;латунную;латунный;ADJ;_;Case=Acc|Degree=Pos|Gender=Fem|Number=Sing;_;_;_;@pnn1971m-words#@pnn1971m#283.3#283.675
446;вставку;вставка;NOUN;_;Animacy=Inan|Case=Acc|Gender=Fem|Number=Sing;_;_;_;@pnn1971m-words#@pnn1971m#283.675#284.05
447;на;на;ADP;_;_;_;_;_;@pnn1971m-words#@pnn1971m#284.05#284.425
448;мушке;мушка;NOUN;_;Animacy=Inan|Case=Loc|Gender=Fem|Number=Sing;_;_;_;@pnn1971m-words#@pnn1971m#284.425#284.8
449;/;/;PUNCT;_;_;_;_;_;@pnn1971m-words#@pnn1971m#284.8#285.175
450;да;да;PART;_;_;_;_;_;@pnn1971m-words#@pnn1971m#285.175#285.55
451;/;/;PUNCT;_;_;_;_;_;@pnn1971m-words#@pnn1971m#285.55#285.925
452;не;не;PART;_;_;_;_;_;@pnn1971m-words#@pnn1971m#285.925#286.3
453;терЯть;терЯть;VERB;_;Aspect=Imp|VerbForm=Inf|Voice=Act;_;_;_;@pnn1971m-words#@pnn1971m#286.3#286.675
454;цель;цель;NOUN;_;Animacy=Inan|Case=Acc|Gender=Fem|Number=Sing;_;_;_;@pnn1971m-words#@pnn1971m#286.675#287.05
455;из;из;ADP;_;_;_;_;_;@pnn1971m-words#@pnn1971m#287.05#287.425
456;виду;вид;NOUN;_;Animacy=Inan|Case=Par|Gender=Masc|Number=Sing;_;_;_;@pnn1971m-words#@pnn1971m#287.425#287.8
457;кстати;кстати;ADV;_;_;_;_;_;@pnn1971m-words#@pnn1971m#288.0#288.571
458;в;в;ADP;_;_;_;_;_;@pnn1971m-words#@pnn1971m#288.571#289.142
459;19;19;NUM;_;_;_;_;_;@pnn1971m-words#@pnn1971m#289.142#289.713
460;веке;век;NOUN;_;Animacy=Inan|Case=Loc|Gender=Masc|Number=Sing;_;_;_;@pnn1971m-words#@pnn1971m#289.713#290.284
461;не;не;PART;_;_;_;_;_;@pnn1971m-words#@pnn1971m#290.284#290.855
462;было;быть;AUX;_;Aspect=Imp|Gender=Neut|Mood=Ind|Number=Sing|Tense=Past|VerbForm=Fin|Voice=Act;_;_;_;@pnn1971m-words#@pnn1971m#290.855#291.426
463;тритиевых;тритиевый;ADJ;_;Case=Gen|Degree=Pos|Number=Plur;_;_;_;@pnn1971m-words#@pnn1971m#291.426#291.997
464;прицельных;прицельный;ADJ;_;Case=Gen|Degree=Pos|Number=Plur;_;_;_;@pnn1971m-words#@pnn1971m#291.997#292.568
465;приспособлений;приспособление;NOUN;_;Animacy=Inan|Case=Gen|Gender=Neut|Number=Plur;_;_;_;@pnn1971m-words#@pnn1971m#292.568#293.139
466;из;из;ADP;_;_;_;_;_;@pnn1971m-words#@pnn1971m#293.139#293.71
467;световозвращающих;световозвращающий;ADJ;_;Case=Gen|Degree=Pos|Number=Plur;_;_;_;@pnn1971m-words#@pnn1971m#293.71#294.281
468;меток;метка;NOUN;_;Animacy=Inan|Case=Gen|Gender=Fem|Number=Plur;_;_;_;@pnn1971m-words#@pnn1971m#294.281#294.852
469;/;/;PUNCT;_;_;_;_;_;@pnn1971m-words#@pnn1971m#294.852#295.423
470;и;и;CCONJ;_;_;_;_;_;@pnn1971m-words#@pnn1971m#295.423#295.994
471;тем;то;PRON;_;Animacy=Inan|Case=Ins|Gender=Neut|Number=Sing;_;_;_;@pnn1971m-words#@pnn1971m#295.994#296.565
472;более;более;ADV;_;Degree=Cmp;_;_;_;@pnn1971m-words#@pnn1971m#296.565#297.136
473;калиматорных;калиматорный;ADJ;_;Case=Gen|Degree=Pos|Number=Plur;_;_;_;@pnn1971m-words#@pnn1971m#297.136#297.707
474;прицелов;прицел;NOUN;_;Animacy=Inan|Case=Gen|Gender=Masc|Number=Plur;_;_;_;@pnn1971m-words#@pnn1971m#297.707#298.278
475;/;/;PUNCT;_;_;_;_;_;@pnn1971m-words#@pnn1971m#298.278#298.849
476;поэтому;поэтому;ADV;_;_;_;_;_;@pnn1971m-words#@pnn1971m#298.849#299.42
477;начищеннаЯ;начистить;VERB;_;Aspect=Perf|Case=Nom|Gender=Fem|Number=Sing|Tense=Past|VerbForm=Part|Voice=Pass;_;_;_;@pnn1971m-words#@pnn1971m#299.42#299.991
478;и;и;CCONJ;_;_;_;_;_;@pnn1971m-words#@pnn1971m#299.991#300.562
479;отполированнаЯ;отполировать;VERB;_;Aspect=Perf|Case=Nom|Gender=Fem|Number=Sing|Tense=Past|VerbForm=Part|Voice=Pass;_;_;_;@pnn1971m-words#@pnn1971m#300.562#301.133
480;латуннаЯ;латунный;ADJ;_;Case=Nom|Degree=Pos|Gender=Fem|Number=Sing;_;_;_;@pnn1971m-words#@pnn1971m#301.133#301.704
481;вставка;вставка;NOUN;_;Animacy=Inan|Case=Nom|Gender=Fem|Number=Sing;_;_;_;@pnn1971m-words#@pnn1971m#301.704#302.275
482;позволЯла;позволЯть;VERB;_;Aspect=Imp|Gender=Fem|Mood=Ind|Number=Sing|Tense=Past|VerbForm=Fin|Voice=Act;_;_;_;@pnn1971m-words#@pnn1971m#302.275#302.846
483;лучше;хорошо;ADV;_;Degree=Cmp;_;_;_;@pnn1971m-words#@pnn1971m#302.846#303.417
484;контролировать;контролировать;VERB;_;Aspect=Imp|VerbForm=Inf|Voice=Act;_;_;_;@pnn1971m-words#@pnn1971m#303.417#303.988
485;мушку;мушка;NOUN;_;Animacy=Inan|Case=Acc|Gender=Fem|Number=Sing;_;_;_;@pnn1971m-words#@pnn1971m#303.988#304.559
486;и;и;CCONJ;_;_;_;_;_;@pnn1971m-words#@pnn1971m#304.559#305.13
487;цель;цель;NOUN;_;Animacy=Inan|Case=Nom|Gender=Fem|Number=Sing;_;_;_;@pnn1971m-words#@pnn1971m#305.13#305.701
488;при;при;ADP;_;_;_;_;_;@pnn1971m-words#@pnn1971m#305.701#306.272
489;стрельбе;стрельба;NOUN;_;Animacy=Inan|Case=Loc|Gender=Fem|Number=Sing;_;_;_;@pnn1971m-words#@pnn1971m#306.272#306.843
490;из;из;ADP;_;_;_;_;_;@pnn1971m-words#@pnn1971m#306.843#307.414
491;оружиЯ;оружие;NOUN;_;Animacy=Inan|Case=Gen|Gender=Neut|Number=Sing;_;_;_;@pnn1971m-words#@pnn1971m#307.414#308.0
492;ээ;ээ;INTJ;_;_;_;_;_;@pnn1971m-words#@pnn1971m#309.3#309.766
493;/;/;PUNCT;_;_;_;_;_;@pnn1971m-words#@pnn1971m#309.766#310.232
494;естественно;естественно;ADV;_;_;_;_;_;@pnn1971m-words#@pnn1971m#310.232#310.698
495;что;что;SCONJ;_;_;_;_;_;@pnn1971m-words#@pnn1971m#310.698#311.164
496;оно;оно;PRON;_;Case=Nom|Gender=Neut|Number=Sing|Person=3;_;_;_;@pnn1971m-words#@pnn1971m#311.164#311.63
497;выпускаетсЯ;выпускать;VERB;_;Aspect=Imp|Mood=Ind|Number=Sing|Person=3|Tense=Pres|VerbForm=Fin|Voice=Mid;_;_;_;@pnn1971m-words#@pnn1971m#311.63#312.096
498;под;под;ADP;_;_;_;_;_;@pnn1971m-words#@pnn1971m#312.096#312.562
499;разные;разный;ADJ;_;Animacy=Inan|Case=Acc|Degree=Pos|Number=Plur;_;_;_;@pnn1971m-words#@pnn1971m#312.562#313.028
500;калибры;калибр;NOUN;_;Animacy=Inan|Case=Acc|Gender=Masc|Number=Plur;_;_;_;@pnn1971m-words#@pnn1971m#313.028#313.5
501;как;как;SCONJ;_;_;_;_;_;@pnn1971m-words#@pnn1971m#314.0#314.46
502;средние;средний;ADJ;_;Case=Nom|Degree=Pos|Number=Plur;_;_;_;@pnn1971m-words#@pnn1971m#314.46#314.92
503;/;/;PUNCT;_;_;_;_;_;@pnn1971m-words#@pnn1971m#314.92#315.38
504;допустим;допустить;ADV;_;_;_;_;_;@pnn1971m-words#@pnn1971m#315.38#315.84
505;/;/;PUNCT;_;_;_;_;_;@pnn1971m-words#@pnn1971m#315.84#316.3
506;38;38;NUM;_;_;_;_;_;@pnn1971m-words#@pnn1971m#316.3#316.76
507;спешл;спешл;NOUN;_;Animacy=Inan|Case=Nom|Gender=Masc|Number=Sing;_;_;_;@pnn1971m-words#@pnn1971m#316.76#317.22
508;и;и;PART;_;_;_;_;_;@pnn1971m-words#@pnn1971m#317.22#317.68
509;357;357;NUM;_;_;_;_;_;@pnn1971m-words#@pnn1971m#317.68#318.14
510;магнум;магнум;NOUN;_;Animacy=Inan|Case=Nom|Gender=Masc|Number=Sing;_;_;_;@pnn1971m-words#@pnn1971m#318.14#318.6
511;так;так;ADV;_;_;_;_;_;@pnn1971m-words#@pnn1971m#318.7#319.23
512;и;и;PART;_;_;_;_;_;@pnn1971m-words#@pnn1971m#319.23#319.76
513;очень;очень;ADV;_;_;_;_;_;@pnn1971m-words#@pnn1971m#319.76#320.29
514;мощные;мощный;ADJ;_;Case=Acc|Degree=Pos|Gender=Fem|Number=Sing;_;_;_;@pnn1971m-words#@pnn1971m#320.29#320.82
515;боеприпасы;боеприпас;NOUN;_;Case=Acc|Degree=Pos|Gender=Fem|Number=Sing;_;_;_;@pnn1971m-words#@pnn1971m#320.82#321.35
516;/;/;PUNCT;_;_;_;_;_;@pnn1971m-words#@pnn1971m#321.35#321.88
517;как;как;SCONJ;_;_;_;_;_;@pnn1971m-words#@pnn1971m#321.88#322.41
518;например;например;ADV;_;_;_;_;_;@pnn1971m-words#@pnn1971m#322.41#322.94
519;454;454;NUM;_;_;_;_;_;@pnn1971m-words#@pnn1971m#322.94#323.47
520;косу;косу;X;_;_;_;_;_;@pnn1971m-words#@pnn1971m#323.47#324.0
521;ни;ни;CCONJ;_;_;_;_;_;@pnn1971m-words#@pnn1971m#329.8#330.114
522;кабан;кабан;NOUN;_;Animacy=Inan|Case=Nom|Gender=Masc|Number=Sing;_;_;_;@pnn1971m-words#@pnn1971m#330.114#330.428
523;ни;ни;CCONJ;_;_;_;_;_;@pnn1971m-words#@pnn1971m#330.428#330.742
524;медведь;медведь;NOUN;_;Animacy=Inan|Case=Nom|Gender=Masc|Number=Sing;_;_;_;@pnn1971m-words#@pnn1971m#330.742#331.056
525;вас;вы;PRON;_;Case=Acc|Number=Plur|Person=2;_;_;_;@pnn1971m-words#@pnn1971m#331.056#331.37
526;не;не;PART;_;_;_;_;_;@pnn1971m-words#@pnn1971m#331.37#331.684
527;засмеют;засмеЯть;VERB;_;Aspect=Perf|Mood=Ind|Number=Plur|Person=3|Tense=Fut|VerbForm=Fin|Voice=Act;_;_;_;@pnn1971m-words#@pnn1971m#331.684#332.0
528;454;454;NUM;_;_;_;_;_;@pnn1971m-words#@pnn1971m#333.0#334.2
529;косу;косу;X;_;_;_;_;_;@pnn1971m-words#@pnn1971m#334.2#335.4
530;ээ;ээ;INTJ;_;_;_;_;_;@pnn1971m-words#@pnn1971m#336.0#336.53
531;/;/;PUNCT;_;_;_;_;_;@pnn1971m-words#@pnn1971m#336.53#337.06
532;у;у;ADP;_;_;_;_;_;@pnn1971m-words#@pnn1971m#337.06#337.59
533;него;он;PRON;_;Case=Gen|Gender=Masc|Number=Sing|Person=3;_;_;_;@pnn1971m-words#@pnn1971m#337.59#338.12
534;примерно;примерно;ADV;_;_;_;_;_;@pnn1971m-words#@pnn1971m#338.12#338.65
535;схожаЯ;схожий;ADJ;_;Case=Nom|Degree=Pos|Gender=Fem|Number=Sing;_;_;_;@pnn1971m-words#@pnn1971m#338.65#339.18
536;энергиЯ;энергиЯ;NOUN;_;Animacy=Inan|Case=Nom|Gender=Fem|Number=Sing;_;_;_;@pnn1971m-words#@pnn1971m#339.18#339.71
537;с;с;ADP;_;_;_;_;_;@pnn1971m-words#@pnn1971m#339.71#340.24
538;распространенным;распространить;ADJ;_;Case=Ins|Degree=Pos|Gender=Masc|Number=Sing;_;_;_;@pnn1971m-words#@pnn1971m#340.24#340.77
539;охотничьим;охотничий;ADJ;_;Case=Ins|Degree=Pos|Gender=Masc|Number=Sing;_;_;_;@pnn1971m-words#@pnn1971m#340.77#341.3
540;боеприпасом;боеприпас;NOUN;_;Animacy=Inan|Case=Ins|Gender=Masc|Number=Sing;_;_;_;@pnn1971m-words#@pnn1971m#341.3#341.83
541;308;308;NUM;_;_;_;_;_;@pnn1971m-words#@pnn1971m#341.83#342.36
542;винчестер;винчестер;NOUN;_;Animacy=Inan|Case=Nom|Gender=Masc|Number=Sing;_;_;_;@pnn1971m-words#@pnn1971m#342.36#342.9
543;но;но;CCONJ;_;_;_;_;_;@pnn1971m-words#@pnn1971m#343.4#343.886
544;пулЯ;пулЯ;NOUN;_;Animacy=Inan|Case=Nom|Gender=Fem|Number=Sing;_;_;_;@pnn1971m-words#@pnn1971m#343.886#344.372
545;по;по;ADP;_;_;_;_;_;@pnn1971m-words#@pnn1971m#344.372#344.858
546;тону;тон;NOUN;_;Animacy=Inan|Case=Dat|Gender=Masc|Number=Sing;_;_;_;@pnn1971m-words#@pnn1971m#344.858#345.344
547;454;454;NUM;_;_;_;_;_;@pnn1971m-words#@pnn1971m#345.344#345.83
548;косу;косу;X;_;_;_;_;_;@pnn1971m-words#@pnn1971m#345.83#346.316
549;обладала;обладать;VERB;_;Aspect=Perf|Gender=Fem|Mood=Ind|Number=Sing|Tense=Past|VerbForm=Fin|Voice=Act;_;_;_;@pnn1971m-words#@pnn1971m#346.316#346.802
550;массой;масса;NOUN;_;Animacy=Inan|Case=Ins|Gender=Fem|Number=Sing;_;_;_;@pnn1971m-words#@pnn1971m#346.802#347.288
551;от;от;ADP;_;_;_;_;_;@pnn1971m-words#@pnn1971m#347.288#347.774
552;шести;шесть;NUM;_;Case=Gen;_;_;_;@pnn1971m-words#@pnn1971m#347.774#348.26
553;от;от;ADP;_;_;_;_;_;@pnn1971m-words#@pnn1971m#348.26#348.746
554;16;16;NUM;_;_;_;_;_;@pnn1971m-words#@pnn1971m#348.746#349.232
555;до;до;ADP;_;_;_;_;_;@pnn1971m-words#@pnn1971m#349.232#349.718
556;20;20;NUM;_;_;_;_;_;@pnn1971m-words#@pnn1971m#349.718#350.204
557;граммов;грамм;NOUN;_;Animacy=Inan|Case=Gen|Gender=Masc|Number=Plur;_;_;_;@pnn1971m-words#@pnn1971m#350.204#350.7
558;обладает;обладать;VERB;_;Aspect=Imp|Mood=Ind|Number=Sing|Person=3|Tense=Pres|VerbForm=Fin|Voice=Act;_;_;_;@pnn1971m-words#@pnn1971m#351.0#351.6
559;колоссальным;колоссальный;ADJ;_;Case=Ins|Degree=Pos|Gender=Neut|Number=Sing;_;_;_;@pnn1971m-words#@pnn1971m#351.6#352.2
560;останавливающим;останавливать;VERB;_;Aspect=Imp|Case=Ins|Gender=Neut|Number=Sing|Tense=Pres|VerbForm=Part|Voice=Act;_;_;_;@pnn1971m-words#@pnn1971m#352.2#352.8
561;действием;действие;NOUN;_;Animacy=Inan|Case=Ins|Gender=Neut|Number=Sing;_;_;_;@pnn1971m-words#@pnn1971m#352.8#353.4
562;на;на;ADP;_;_;_;_;_;@pnn1971m-words#@pnn1971m#353.4#354.0
563;коротких;короткий;ADJ;_;Case=Loc|Degree=Pos|Number=Plur;_;_;_;@pnn1971m-words#@pnn1971m#354.0#354.6
564;дистанциЯх;дистанциЯ;NOUN;_;Animacy=Inan|Case=Loc|Gender=Fem|Number=Plur;_;_;_;@pnn1971m-words#@pnn1971m#354.6#355.2
565;поэтому;поэтому;ADV;_;_;_;_;_;@pnn1971m-words#@pnn1971m#355.7#356.136
566;на;на;ADP;_;_;_;_;_;@pnn1971m-words#@pnn1971m#356.136#356.572
567;дистанциЯх;дистанциЯ;NOUN;_;Animacy=Inan|Case=Loc|Gender=Fem|Number=Plur;_;_;_;@pnn1971m-words#@pnn1971m#356.572#357.008
568;до;до;ADP;_;_;_;_;_;@pnn1971m-words#@pnn1971m#357.008#357.444
569;ста;сто;NUM;_;Case=Gen;_;_;_;@pnn1971m-words#@pnn1971m#357.444#357.88
570;метров;метр;NOUN;_;Animacy=Inan|Case=Gen|Gender=Masc|Number=Plur;_;_;_;@pnn1971m-words#@pnn1971m#357.88#358.316
571;/;/;PUNCT;_;_;_;_;_;@pnn1971m-words#@pnn1971m#358.316#358.752
572;э;э;INTJ;_;_;_;_;_;@pnn1971m-words#@pnn1971m#358.752#359.188
573;/;/;PUNCT;_;_;_;_;_;@pnn1971m-words#@pnn1971m#359.188#359.624
574;высокое;высокий;ADJ;_;Case=Nom|Degree=Pos|Gender=Neut|Number=Sing;_;_;_;@pnn1971m-words#@pnn1971m#359.624#360.06
575;останавливающее;останавливать;VERB;_;Aspect=Imp|Case=Nom|Gender=Neut|Number=Sing|Tense=Pres|VerbForm=Part|Voice=Act;_;_;_;@pnn1971m-words#@pnn1971m#360.06#360.496
576;действие;действие;NOUN;_;Animacy=Inan|Case=Nom|Gender=Neut|Number=Sing;_;_;_;@pnn1971m-words#@pnn1971m#360.496#360.932
577;гарантирует;гарантировать;VERB;_;Aspect=Imp|Mood=Ind|Number=Sing|Person=3|Tense=Pres|VerbForm=Fin|Voice=Act;_;_;_;@pnn1971m-words#@pnn1971m#360.932#361.368
578;вам;вы;PRON;_;Case=Dat|Number=Plur|Person=2;_;_;_;@pnn1971m-words#@pnn1971m#361.368#361.804
579;полное;полный;ADJ;_;Case=Acc|Degree=Pos|Gender=Neut|Number=Sing;_;_;_;@pnn1971m-words#@pnn1971m#361.804#362.24
580;выведение;выведение;NOUN;_;Animacy=Inan|Case=Acc|Gender=Neut|Number=Sing;_;_;_;@pnn1971m-words#@pnn1971m#362.24#362.676
581;цели;цель;NOUN;_;Animacy=Inan|Case=Gen|Gender=Fem|Number=Sing;_;_;_;@pnn1971m-words#@pnn1971m#362.676#363.112
582;из;из;ADP;_;_;_;_;_;@pnn1971m-words#@pnn1971m#363.112#363.548
583;строЯ;строй;NOUN;_;Animacy=Inan|Case=Gen|Gender=Masc|Number=Sing;_;_;_;@pnn1971m-words#@pnn1971m#363.548#364.0
584;да;да;CCONJ;_;_;_;_;_;@pnn1971m-words#@pnn1971m#368.3#368.639
585;/;/;PUNCT;_;_;_;_;_;@pnn1971m-words#@pnn1971m#368.639#368.978
586;длЯ;длЯ;ADP;_;_;_;_;_;@pnn1971m-words#@pnn1971m#368.978#369.317
587;как;как;SCONJ;_;_;_;_;_;@pnn1971m-words#@pnn1971m#369.317#369.656
588;раз;раз;NOUN;_;Animacy=Inan|Case=Acc|Gender=Masc|Number=Sing;_;_;_;@pnn1971m-words#@pnn1971m#369.656#369.995
589;длЯ;длЯ;ADP;_;_;_;_;_;@pnn1971m-words#@pnn1971m#369.995#370.334
590;этого;это;PRON;_;Case=Gen|Gender=Neut|Number=Sing;_;_;_;@pnn1971m-words#@pnn1971m#370.334#370.673
591;мы;мы;PRON;_;Case=Nom|Number=Plur|Person=1;_;_;_;@pnn1971m-words#@pnn1971m#370.673#371.012
592;припасли;припасти;VERB;_;Aspect=Perf|Mood=Ind|Number=Plur|Tense=Past|VerbForm=Fin|Voice=Act;_;_;_;@pnn1971m-words#@pnn1971m#371.012#371.351
593;патроны;патрон;NOUN;_;Animacy=Inan|Case=Acc|Gender=Masc|Number=Plur;_;_;_;@pnn1971m-words#@pnn1971m#371.351#371.69
594;/;/;PUNCT;_;_;_;_;_;@pnn1971m-words#@pnn1971m#371.69#372.029
595;чтобы;чтобы;SCONJ;_;_;_;_;_;@pnn1971m-words#@pnn1971m#372.029#372.368
596;вы;вы;PRON;_;Case=Nom|Number=Plur|Person=2;_;_;_;@pnn1971m-words#@pnn1971m#372.368#372.707
597;смогли;мочь;VERB;_;Aspect=Perf|Mood=Ind|Number=Plur|Tense=Past|VerbForm=Fin|Voice=Act;_;_;_;@pnn1971m-words#@pnn1971m#372.707#373.046
598;сравнить;сравнить;VERB;_;Aspect=Perf|VerbForm=Inf|Voice=Act;_;_;_;@pnn1971m-words#@pnn1971m#373.046#373.385
599;стрельбу;стрельба;NOUN;_;Animacy=Inan|Case=Acc|Gender=Fem|Number=Sing;_;_;_;@pnn1971m-words#@pnn1971m#373.385#373.724
600;из;из;ADP;_;_;_;_;_;@pnn1971m-words#@pnn1971m#373.724#374.063
601;револьвера;револьвер;NOUN;_;Animacy=Inan|Case=Gen|Gender=Masc|Number=Sing;_;_;_;@pnn1971m-words#@pnn1971m#374.063#374.402
602;со;с;ADP;_;_;_;_;_;@pnn1971m-words#@pnn1971m#374.402#374.741
603;стрельбой;стрельба;NOUN;_;Animacy=Inan|Case=Ins|Gender=Fem|Number=Sing;_;_;_;@pnn1971m-words#@pnn1971m#374.741#375.08
604;револьверными;револьверный;ADJ;_;Case=Ins|Degree=Pos|Number=Plur;_;_;_;@pnn1971m-words#@pnn1971m#375.08#375.419
605;патронами;патрон;NOUN;_;Animacy=Inan|Case=Ins|Gender=Masc|Number=Plur;_;_;_;@pnn1971m-words#@pnn1971m#375.419#375.758
606;из;из;ADP;_;_;_;_;_;@pnn1971m-words#@pnn1971m#375.758#376.1
607;моего;мой;DET;_;Case=Gen|Gender=Masc|Number=Sing;_;_;_;@pnn1971m-words#@pnn1971m#376.1#376.55
608;карабина;карабин;NOUN;_;Animacy=Inan|Case=Gen|Gender=Masc|Number=Sing;_;_;_;@pnn1971m-words#@pnn1971m#376.55#377.0
609;Я;Я;PRON;_;Case=Nom|Number=Sing|Person=1;_;_;_;@pnn1971m-words#@pnn1971m#383.5#383.907
610;специально;специально;ADV;_;_;_;_;_;@pnn1971m-words#@pnn1971m#383.907#384.314
611;приготовил;приготовить;VERB;_;Aspect=Perf|Gender=Masc|Mood=Ind|Number=Sing|Tense=Past|VerbForm=Fin|Voice=Act;_;_;_;@pnn1971m-words#@pnn1971m#384.314#384.721
612;длЯ;длЯ;ADP;_;_;_;_;_;@pnn1971m-words#@pnn1971m#384.721#385.128
613;вас;вы;PRON;_;Case=Gen|Number=Plur|Person=2;_;_;_;@pnn1971m-words#@pnn1971m#385.128#385.535
614;мишени;мишень;NOUN;_;Animacy=Inan|Case=Gen|Gender=Fem|Number=Plur;_;_;_;@pnn1971m-words#@pnn1971m#385.535#385.942
615;/;/;PUNCT;_;_;_;_;_;@pnn1971m-words#@pnn1971m#385.942#386.349
616;которые;который;PRON;_;Case=Nom;_;_;_;@pnn1971m-words#@pnn1971m#386.349#386.756
617;наглЯдно;наглЯдно;ADV;_;Degree=Pos;_;_;_;@pnn1971m-words#@pnn1971m#386.756#387.163
618;покажут;показать;VERB;_;Aspect=Perf|Mood=Ind|Number=Plur|Person=3|Tense=Fut|VerbForm=Fin|Voice=Act;_;_;_;@pnn1971m-words#@pnn1971m#387.163#387.57
619;все;весь;DET;_;Case=Nom|Number=Plur;_;_;_;@pnn1971m-words#@pnn1971m#387.57#387.977
620;возможности;возможность;NOUN;_;Animacy=Inan|Case=Nom|Gender=Fem|Number=Plur;_;_;_;@pnn1971m-words#@pnn1971m#387.977#388.384
621;этого;этот;DET;_;Case=Gen|Gender=Masc|Number=Sing;_;_;_;@pnn1971m-words#@pnn1971m#388.384#388.791
622;карабина;карабин;NOUN;_;Animacy=Inan|Case=Gen|Gender=Masc|Number=Sing;_;_;_;@pnn1971m-words#@pnn1971m#388.791#389.2
623;конечно;конечно;ADV;_;_;_;_;_;@pnn1971m-words#@pnn1971m#392.5#392.9
624;хм;хм;INTJ;_;_;_;_;_;@ada1975m-words#@ada1975m#58.3#58.725
625;/;/;PUNCT;_;_;_;_;_;@ada1975m-words#@ada1975m#58.725#59.15
626;красиваЯ;красивый;ADJ;_;Case=Nom|Degree=Pos|Gender=Fem|Number=Sing;_;_;_;@ada1975m-words#@ada1975m#59.15#59.575
627;вещь;вещь;NOUN;_;Animacy=Inan|Case=Nom|Gender=Fem|Number=Sing;_;_;_;@ada1975m-words#@ada1975m#59.575#60.0
628;и;и;CCONJ;_;_;_;_;_;@ada1975m-words#@ada1975m#61.0#61.211
629;легкаЯ;легкий;ADJ;_;Case=Nom|Degree=Pos|Gender=Fem|Number=Sing;_;_;_;@ada1975m-words#@ada1975m#61.211#61.422
630;/;/;PUNCT;_;_;_;_;_;@ada1975m-words#@ada1975m#61.422#61.633
631;вот;вот;PART;_;_;_;_;_;@ada1975m-words#@ada1975m#61.633#61.844
632;за;за;ADP;_;_;_;_;_;@ada1975m-words#@ada1975m#61.844#62.055
633;счет;счет;NOUN;_;Animacy=Inan|Case=Acc|Gender=Masc|Number=Sing;_;_;_;@ada1975m-words#@ada1975m#62.055#62.266
634;чего;что;PRON;_;Case=Gen;_;_;_;@ada1975m-words#@ada1975m#62.266#62.477
635;она;она;PRON;_;Case=Nom|Gender=Fem|Number=Sing|Person=3;_;_;_;@ada1975m-words#@ada1975m#62.477#62.688
636;такаЯ;такой;PRON;_;Case=Nom|Gender=Fem|Number=Sing;_;_;_;@ada1975m-words#@ada1975m#62.688#62.9
637;ааа;ааа;INTJ;_;_;_;_;_;@ada1975m-words#@ada1975m#73.2#73.4
638;Я;Я;PRON;_;Case=Nom|Number=Sing|Person=1;_;_;_;@ada1975m-words#@ada1975m#74.1#74.433
639;вот;вот;PART;_;_;_;_;_;@ada1975m-words#@ada1975m#74.433#74.766
640;стрелЯл;стрелЯть;VERB;_;Aspect=Imp|Gender=Masc|Mood=Ind|Number=Sing|Tense=Past|VerbForm=Fin|Voice=Act;_;_;_;@ada1975m-words#@ada1975m#74.766#75.099
641;из;из;ADP;_;_;_;_;_;@ada1975m-words#@ada1975m#75.099#75.432
642;некоторых;некоторый;DET;_;Case=Gen|Number=Plur;_;_;_;@ada1975m-words#@ada1975m#75.432#75.765
643;револьверов;револьвер;NOUN;_;Animacy=Anim|Case=Gen|Gender=Masc|Number=Plur;_;_;_;@ada1975m-words#@ada1975m#75.765#76.1
644;а;а;PART;_;_;_;_;_;@ada1975m-words#@ada1975m#77.0#77.56
645;вот;вот;PART;_;_;_;_;_;@ada1975m-words#@ada1975m#77.56#78.12
646;интересно;интересный;ADV;_;Degree=Pos;_;_;_;@ada1975m-words#@ada1975m#78.12#78.68
647;/;/;PUNCT;_;_;_;_;_;@ada1975m-words#@ada1975m#78.68#79.24
648;а;а;CCONJ;_;_;_;_;_;@ada1975m-words#@ada1975m#79.24#79.8
649;зачем;зачем;ADV;_;_;_;_;_;@ada1975m-words#@ada1975m#79.8#80.36
650;сюда;сюда;ADV;_;_;_;_;_;@ada1975m-words#@ada1975m#80.36#80.92
651;такие;такой;DET;_;Case=Acc|Number=Plur;_;_;_;@ada1975m-words#@ada1975m#80.92#81.48
652;вот;вот;PART;_;_;_;_;_;@ada1975m-words#@ada1975m#81.48#82.04
653;боеприпасы;боеприпасы;NOUN;_;Animacy=Inan|Case=Nom|Gender=Masc|Number=Plur;_;_;_;@ada1975m-words#@ada1975m#82.04#82.6
654;аа;аа;INTJ;_;_;_;_;_;@ada1975m-words#@ada1975m#95.3#95.35
655;ну;ну;PART;_;_;_;_;_;@ada1975m-words#@ada1975m#129.9#130.471
656;да;да;PART;_;_;_;_;_;@ada1975m-words#@ada1975m#130.471#131.042
657;/;/;PUNCT;_;_;_;_;_;@ada1975m-words#@ada1975m#131.042#131.613
658;эээ;эээ;INTJ;_;_;_;_;_;@ada1975m-words#@ada1975m#131.613#132.184
659;/;/;PUNCT;_;_;_;_;_;@ada1975m-words#@ada1975m#132.184#132.755
660;винчестер;винчестер;NOUN;_;Animacy=Inan|Case=Nom|Gender=Masc|Number=Sing;_;_;_;@ada1975m-words#@ada1975m#132.755#133.326
661;знаменитый;знаменитый;ADJ;_;Case=Nom|Degree=Pos|Gender=Masc|Number=Sing;_;_;_;@ada1975m-words#@ada1975m#133.326#133.9
662;ну;ну;PART;_;_;_;_;_;@ada1975m-words#@ada1975m#167.4#167.775
663;он;он;PRON;_;Case=Nom|Gender=Masc|Number=Sing|Person=3;_;_;_;@ada1975m-words#@ada1975m#167.775#168.15
664;наверно;наверно;ADV;_;_;_;_;_;@ada1975m-words#@ada1975m#168.15#168.525
665;очень;очень;ADV;_;_;_;_;_;@ada1975m-words#@ada1975m#168.525#168.9
666;скорострельный;скорострельный;ADJ;_;Case=Nom|Degree=Pos|Gender=Masc|Number=Sing;_;_;_;@ada1975m-words#@ada1975m#168.9#169.275
667;/;/;PUNCT;_;_;_;_;_;@ada1975m-words#@ada1975m#169.275#169.65
668;да;да;INTJ;_;_;_;_;_;@ada1975m-words#@ada1975m#169.65#170.025
669;перезарЯжать;перезарЯжать;VERB;_;Aspect=Imp|VerbForm=Inf|Voice=Act;_;_;_;@ada1975m-words#@ada1975m#170.025#170.4
670;ага;ага;INTJ;_;_;_;_;_;@ada1975m-words#@ada1975m#198.6#198.9
671;и;и;CCONJ;_;_;_;_;_;@ada1975m-words#@ada1975m#234.5#234.7
672;тут;тут;ADV;_;_;_;_;_;@ada1975m-words#@ada1975m#234.7#234.9
673;же;же;PART;_;_;_;_;_;@ada1975m-words#@ada1975m#234.9#235.1
674;выстрел;выстрел;NOUN;_;Animacy=Inan|Case=Acc|Gender=Masc|Number=Sing;_;_;_;@ada1975m-words#@ada1975m#235.1#235.3
675;а;а;INTJ;_;_;_;_;_;@ada1975m-words#@ada1975m#248.7#248.95
676;/;/;PUNCT;_;_;_;_;_;@ada1975m-words#@ada1975m#248.95#249.2
677;ну;ну;PART;_;_;_;_;_;@ada1975m-words#@ada1975m#249.2#249.45
678;да;да;PART;_;_;_;_;_;@ada1975m-words#@ada1975m#249.45#249.7
679;/;/;PUNCT;_;_;_;_;_;@ada1975m-words#@ada1975m#249.7#249.95
680;тут;тут;ADV;_;_;_;_;_;@ada1975m-words#@ada1975m#249.95#250.2
681;две;два;NUM;_;Animacy=Inan|Case=Acc|Gender=Fem;_;_;_;@ada1975m-words#@ada1975m#250.2#250.45
682;позиции;позициЯ;NOUN;_;Animacy=Inan|Case=Gen|Gender=Fem|Number=Sing;_;_;_;@ada1975m-words#@ada1975m#250.45#250.7
683;по;получаетсЯ;VERB;_;Aspect=Imp|Mood=Ind|Number=Sing|Person=3|Tense=Pres|VerbForm=Fin|Voice=Mid;_;_;_;@ada1975m-words#@ada1975m#250.7#250.95
684;получаетсЯ;получатьсЯ;VERB;_;Aspect=Imp|Mood=Ind|Number=Sing|Person=3|Tense=Pres|VerbForm=Fin|Voice=Mid;_;_;_;@ada1975m-words#@ada1975m#250.95#251.2
685;на;на;ADP;_;_;_;_;_;@ada1975m-words#@ada1975m#252.1#252.45
686;целике;целик;NOUN;_;Animacy=Inan|Case=Loc|Gender=Masc|Number=Sing;_;_;_;@ada1975m-words#@ada1975m#252.45#252.8
687;но;но;CCONJ;_;_;_;_;_;@ada1975m-words#@ada1975m#324.4#324.657
688;вот;вот;PART;_;_;_;_;_;@ada1975m-words#@ada1975m#324.657#324.914
689;если;если;SCONJ;_;_;_;_;_;@ada1975m-words#@ada1975m#324.914#325.171
690;Я;Я;PRON;_;Case=Nom|Number=Sing|Person=1;_;_;_;@ada1975m-words#@ada1975m#325.171#325.428
691;пойду;пойти;VERB;_;Aspect=Perf|Mood=Ind|Number=Sing|Person=1|Tense=Fut|VerbForm=Fin|Voice=Act;_;_;_;@ada1975m-words#@ada1975m#325.428#325.685
692;на;на;ADP;_;_;_;_;_;@ada1975m-words#@ada1975m#325.685#325.942
693;охоту;охота;NOUN;_;Animacy=Inan|Case=Acc|Gender=Fem|Number=Sing;_;_;_;@ada1975m-words#@ada1975m#325.942#326.199
694;на;на;ADP;_;_;_;_;_;@ada1975m-words#@ada1975m#326.199#326.456
695;кабана;кабан;NOUN;_;Animacy=Anim|Case=Acc|Gender=Masc|Number=Sing;_;_;_;@ada1975m-words#@ada1975m#326.456#326.713
696;на;на;ADP;_;_;_;_;_;@ada1975m-words#@ada1975m#326.713#326.97
697;медведЯ;медведь;NOUN;_;Animacy=Inan|Case=Gen|Gender=Masc|Number=Sing;_;_;_;@ada1975m-words#@ada1975m#326.97#327.227
698;/;/;PUNCT;_;_;_;_;_;@ada1975m-words#@ada1975m#327.227#327.484
699;менЯ;Я;PRON;_;Case=Acc|Number=Sing|Person=1;_;_;_;@ada1975m-words#@ada1975m#327.484#327.741
700;вот;вот;PART;_;_;_;_;_;@ada1975m-words#@ada1975m#327.741#327.998
701;на;на;ADP;_;_;_;_;_;@ada1975m-words#@ada1975m#327.998#328.255
702;самом;самый;ADJ;_;Case=Loc|Degree=Pos|Gender=Neut|Number=Sing;_;_;_;@ada1975m-words#@ada1975m#328.255#328.512
703;деле;дело;NOUN;_;Animacy=Inan|Case=Loc|Gender=Neut|Number=Sing;_;_;_;@ada1975m-words#@ada1975m#328.512#328.769
704;не;не;PART;_;_;_;_;_;@ada1975m-words#@ada1975m#328.769#329.026
705;засмеют;засмеЯть;VERB;_;Aspect=Perf|Mood=Ind|Number=Plur|Person=3|Tense=Fut|VerbForm=Fin|Voice=Mid;_;_;_;@ada1975m-words#@ada1975m#329.026#329.3
706;да;да;CCONJ;_;_;_;_;_;@ada1975m-words#@ada1975m#332.1#332.25
707;Я;Я;PRON;_;Case=Nom|Number=Sing|Person=1;_;_;_;@ada1975m-words#@ada1975m#332.25#332.4
708;не;не;PART;_;_;_;_;_;@ada1975m-words#@ada1975m#332.4#332.55
709;про;про;ADP;_;_;_;_;_;@ada1975m-words#@ada1975m#332.55#332.7
710;мне;Я;PRON;_;Case=Dat|Number=Sing|Person=1;_;_;_;@ada1975m-words#@ada1975m#365.5#365.84
711;уже;уже;ADV;_;_;_;_;_;@ada1975m-words#@ada1975m#365.84#366.18
712;не;не;PART;_;_;_;_;_;@ada1975m-words#@ada1975m#366.18#366.52
713;терпитсЯ;терпетьсЯ;VERB;_;Aspect=Perf|Mood=Ind|Number=Sing|Person=3|Tense=Fut|VerbForm=Fin|Voice=Mid;_;_;_;@ada1975m-words#@ada1975m#366.52#366.86
714;пострелЯть;стрелЯть;VERB;_;Aspect=Imp|VerbForm=Inf|Voice=Act;_;_;_;@ada1975m-words#@ada1975m#366.86#367.2
715;может;может;PART;_;_;_;_;_;@ada1975m-words#@ada1975m#367.2#367.5
716;пройдем;пройдем;VERB;_;Aspect=Perf|Mood=Ind|Number=Plur|Person=1|Tense=Fut|VerbForm=Fin|Voice=Mid;_;_;_;@ada1975m-words#@ada1975m#367.5#367.8
717;с;с;ADP;_;_;_;_;_;@ada1975m-words#@ada1975m#376.0#376.35
718;удовольствием;удовольствие;NOUN;_;Animacy=Inan|Case=Ins|Gender=Neut|Number=Sing;_;_;_;@ada1975m-words#@ada1975m#376.35#376.7
719;вот;вот;PART;_;_;_;_;_;@ada1975m-words#@ada1975m#378.7#379.2
720;она;она;PRON;_;Case=Nom|Gender=Fem|Number=Sing|Person=3;_;_;_;@ada1975m-words#@ada1975m#379.2#379.7
721;моЯ;мой;DET;_;Case=Nom|Gender=Fem|Number=Sing;_;_;_;@ada1975m-words#@ada1975m#379.7#380.2
722;красавица;красавица;NOUN;_;Animacy=Anim|Case=Nom|Gender=Fem|Number=Sing;_;_;_;@ada1975m-words#@ada1975m#380.2#380.7
723;щас;щас;ADV;_;_;_;_;_;@ada1975m-words#@ada1975m#390.4#391.25
724;проверим;проверить;VERB;_;Aspect=Imp|Mood=Ind|Number=Plur|Person=1|Tense=Pres|VerbForm=Fin|Voice=Act;_;_;_;@ada1975m-words#@ada1975m#391.25#392.1
